2026-10-05 23:02:34,169 | INFO     | kometa | База готова: sqlite+aiosqlite:////Users/egor/Downloads/VPN servise/data/kometa.db
2026-10-05 23:02:34,172 | INFO     | kometa | Способы оплаты: stars
2026-10-05 23:02:34,173 | INFO     | apscheduler.scheduler | Adding job tentatively -- it will be properly scheduled when the scheduler starts
2026-10-05 23:02:34,173 | INFO     | apscheduler.scheduler | Adding job tentatively -- it will be properly scheduled when the scheduler starts
2026-10-05 23:02:34,173 | INFO     | apscheduler.scheduler | Adding job tentatively -- it will be properly scheduled when the scheduler starts
2026-10-05 23:02:34,173 | INFO     | apscheduler.scheduler | Adding job tentatively -- it will be properly scheduled when the scheduler starts
2026-10-05 23:02:34,173 | INFO     | apscheduler.scheduler | Adding job tentatively -- it will be properly scheduled when the scheduler starts
2026-10-05 23:02:34,173 | INFO     | apscheduler.scheduler | Adding job tentatively -- it will be properly scheduled when the scheduler starts
2026-10-05 23:02:34,174 | INFO     | apscheduler.scheduler | Added job "job_expire_subscriptions" to job store "default"
2026-10-05 23:02:34,174 | INFO     | apscheduler.scheduler | Added job "job_reminders" to job store "default"
2026-10-05 23:02:34,174 | INFO     | apscheduler.scheduler | Added job "job_expire_orders" to job store "default"
2026-10-05 23:02:34,174 | INFO     | apscheduler.scheduler | Added job "job_check_crypto" to job store "default"
2026-10-05 23:02:34,174 | INFO     | apscheduler.scheduler | Added job "job_autopay" to job store "default"
2026-10-05 23:02:34,174 | INFO     | apscheduler.scheduler | Added job "job_node_health" to job store "default"
2026-10-05 23:02:34,174 | INFO     | apscheduler.scheduler | Scheduler started
2026-10-05 23:02:34,206 | INFO     | kometa | Подписки: http://0.0.0.0:8090/sub/<token>
2026-10-05 23:02:34,206 | INFO     | kometa | Админ-панель: http://0.0.0.0:8090/admin 
INFO:     Started server process [14679]
INFO:     Waiting for application startup.
INFO:     Application startup complete.
INFO:     Uvicorn running on http://0.0.0.0:8090 (Press CTRL+C to quit)
2026-10-05 23:02:34,785 | INFO     | kometa | Бот запущен: @kometavpnservise_bot
2026-10-05 23:02:35,013 | INFO     | aiogram.dispatcher | Start polling
2026-10-05 23:02:35,120 | INFO     | aiogram.dispatcher | Run polling for bot @kometavpnservise_bot id=8958117679 - 'Kometa VPN'
2026-10-05 23:04:34,176 | INFO     | apscheduler.executors.default | Running job "job_check_crypto (trigger: interval[0:02:00], next run at: 2026-10-05 21:06:34 UTC)" (scheduled at 2026-10-05 21:04:34.173828+00:00)
2026-10-05 23:04:34,177 | INFO     | apscheduler.executors.default | Job "job_check_crypto (trigger: interval[0:02:00], next run at: 2026-10-05 21:06:34 UTC)" executed successfully
2026-10-05 23:06:34,176 | INFO     | apscheduler.executors.default | Running job "job_check_crypto (trigger: interval[0:02:00], next run at: 2026-10-05 21:08:34 UTC)" (scheduled at 2026-10-05 21:06:34.173828+00:00)
2026-10-05 23:06:34,177 | INFO     | apscheduler.executors.default | Job "job_check_crypto (trigger: interval[0:02:00], next run at: 2026-10-05 21:08:34 UTC)" executed successfully
2026-10-05 23:07:34,175 | INFO     | apscheduler.executors.default | Running job "job_expire_orders (trigger: interval[0:05:00], next run at: 2026-10-05 21:12:34 UTC)" (scheduled at 2026-10-05 21:07:34.173797+00:00)
2026-10-05 23:07:34,186 | INFO     | apscheduler.executors.default | Running job "job_autopay (trigger: interval[0:05:00], next run at: 2026-10-05 21:12:34 UTC)" (scheduled at 2026-10-05 21:07:34.173855+00:00)
2026-10-05 23:07:34,195 | INFO     | apscheduler.executors.default | Job "job_autopay (trigger: interval[0:05:00], next run at: 2026-10-05 21:12:34 UTC)" executed successfully
2026-10-05 23:07:34,195 | INFO     | apscheduler.executors.default | Running job "job_node_health (trigger: interval[0:05:00], next run at: 2026-10-05 21:12:34 UTC)" (scheduled at 2026-10-05 21:07:34.173878+00:00)
2026-10-05 23:07:34,195 | INFO     | apscheduler.executors.default | Job "job_node_health (trigger: interval[0:05:00], next run at: 2026-10-05 21:12:34 UTC)" executed successfully
2026-10-05 23:07:34,198 | INFO     | apscheduler.executors.default | Job "job_expire_orders (trigger: interval[0:05:00], next run at: 2026-10-05 21:12:34 UTC)" executed successfully
2026-10-05 23:08:34,174 | INFO     | apscheduler.executors.default | Running job "job_check_crypto (trigger: interval[0:02:00], next run at: 2026-10-05 21:10:34 UTC)" (scheduled at 2026-10-05 21:08:34.173828+00:00)
2026-10-05 23:08:34,175 | INFO     | apscheduler.executors.default | Job "job_check_crypto (trigger: interval[0:02:00], next run at: 2026-10-05 21:10:34 UTC)" executed successfully
2026-10-05 23:10:34,174 | INFO     | apscheduler.executors.default | Running job "job_check_crypto (trigger: interval[0:02:00], next run at: 2026-10-05 21:12:34 UTC)" (scheduled at 2026-10-05 21:10:34.173828+00:00)
2026-10-05 23:10:34,174 | INFO     | apscheduler.executors.default | Job "job_check_crypto (trigger: interval[0:02:00], next run at: 2026-10-05 21:12:34 UTC)" executed successfully
2026-10-05 23:12:34,176 | INFO     | apscheduler.executors.default | Running job "job_expire_subscriptions (trigger: interval[0:10:00], next run at: 2026-10-05 21:22:34 UTC)" (scheduled at 2026-10-05 21:12:34.173696+00:00)
2026-10-05 23:12:34,186 | INFO     | apscheduler.executors.default | Running job "job_expire_orders (trigger: interval[0:05:00], next run at: 2026-10-05 21:17:34 UTC)" (scheduled at 2026-10-05 21:12:34.173797+00:00)
2026-10-05 23:12:34,189 | INFO     | apscheduler.executors.default | Running job "job_check_crypto (trigger: interval[0:02:00], next run at: 2026-10-05 21:14:34 UTC)" (scheduled at 2026-10-05 21:12:34.173828+00:00)
2026-10-05 23:12:34,189 | INFO     | apscheduler.executors.default | Job "job_check_crypto (trigger: interval[0:02:00], next run at: 2026-10-05 21:14:34 UTC)" executed successfully
2026-10-05 23:12:34,189 | INFO     | apscheduler.executors.default | Running job "job_autopay (trigger: interval[0:05:00], next run at: 2026-10-05 21:17:34 UTC)" (scheduled at 2026-10-05 21:12:34.173855+00:00)
2026-10-05 23:12:34,189 | INFO     | apscheduler.executors.default | Job "job_autopay (trigger: interval[0:05:00], next run at: 2026-10-05 21:17:34 UTC)" executed successfully
2026-10-05 23:12:34,189 | INFO     | apscheduler.executors.default | Running job "job_node_health (trigger: interval[0:05:00], next run at: 2026-10-05 21:17:34 UTC)" (scheduled at 2026-10-05 21:12:34.173878+00:00)
2026-10-05 23:12:34,190 | INFO     | apscheduler.executors.default | Job "job_node_health (trigger: interval[0:05:00], next run at: 2026-10-05 21:17:34 UTC)" executed successfully
2026-10-05 23:12:34,194 | INFO     | apscheduler.executors.default | Job "job_expire_subscriptions (trigger: interval[0:10:00], next run at: 2026-10-05 21:22:34 UTC)" executed successfully
2026-10-05 23:12:34,195 | INFO     | apscheduler.executors.default | Job "job_expire_orders (trigger: interval[0:05:00], next run at: 2026-10-05 21:17:34 UTC)" executed successfully
2026-10-05 23:14:34,176 | INFO     | apscheduler.executors.default | Running job "job_check_crypto (trigger: interval[0:02:00], next run at: 2026-10-05 21:16:34 UTC)" (scheduled at 2026-10-05 21:14:34.173828+00:00)
2026-10-05 23:14:34,177 | INFO     | apscheduler.executors.default | Job "job_check_crypto (trigger: interval[0:02:00], next run at: 2026-10-05 21:16:34 UTC)" executed successfully
2026-10-05 23:16:34,174 | INFO     | apscheduler.executors.default | Running job "job_check_crypto (trigger: interval[0:02:00], next run at: 2026-10-05 21:18:34 UTC)" (scheduled at 2026-10-05 21:16:34.173828+00:00)
2026-10-05 23:16:34,175 | INFO     | apscheduler.executors.default | Job "job_check_crypto (trigger: interval[0:02:00], next run at: 2026-10-05 21:18:34 UTC)" executed successfully
2026-10-05 23:17:34,176 | INFO     | apscheduler.executors.default | Running job "job_expire_orders (trigger: interval[0:05:00], next run at: 2026-10-05 21:22:34 UTC)" (scheduled at 2026-10-05 21:17:34.173797+00:00)
2026-10-05 23:17:34,182 | INFO     | apscheduler.executors.default | Running job "job_autopay (trigger: interval[0:05:00], next run at: 2026-10-05 21:22:34 UTC)" (scheduled at 2026-10-05 21:17:34.173855+00:00)
2026-10-05 23:17:34,182 | INFO     | apscheduler.executors.default | Job "job_autopay (trigger: interval[0:05:00], next run at: 2026-10-05 21:22:34 UTC)" executed successfully
2026-10-05 23:17:34,182 | INFO     | apscheduler.executors.default | Running job "job_node_health (trigger: interval[0:05:00], next run at: 2026-10-05 21:22:34 UTC)" (scheduled at 2026-10-05 21:17:34.173878+00:00)
2026-10-05 23:17:34,182 | INFO     | apscheduler.executors.default | Job "job_node_health (trigger: interval[0:05:00], next run at: 2026-10-05 21:22:34 UTC)" executed successfully
2026-10-05 23:17:34,186 | INFO     | apscheduler.executors.default | Job "job_expire_orders (trigger: interval[0:05:00], next run at: 2026-10-05 21:22:34 UTC)" executed successfully
2026-10-05 23:18:34,175 | INFO     | apscheduler.executors.default | Running job "job_check_crypto (trigger: interval[0:02:00], next run at: 2026-10-05 21:20:34 UTC)" (scheduled at 2026-10-05 21:18:34.173828+00:00)
2026-10-05 23:18:34,176 | INFO     | apscheduler.executors.default | Job "job_check_crypto (trigger: interval[0:02:00], next run at: 2026-10-05 21:20:34 UTC)" executed successfully
2026-10-05 23:20:34,175 | INFO     | apscheduler.executors.default | Running job "job_check_crypto (trigger: interval[0:02:00], next run at: 2026-10-05 21:22:34 UTC)" (scheduled at 2026-10-05 21:20:34.173828+00:00)
2026-10-05 23:20:34,175 | INFO     | apscheduler.executors.default | Job "job_check_crypto (trigger: interval[0:02:00], next run at: 2026-10-05 21:22:34 UTC)" executed successfully
2026-10-05 23:22:34,175 | INFO     | apscheduler.executors.default | Running job "job_expire_subscriptions (trigger: interval[0:10:00], next run at: 2026-10-05 21:32:34 UTC)" (scheduled at 2026-10-05 21:22:34.173696+00:00)
2026-10-05 23:22:34,183 | INFO     | apscheduler.executors.default | Running job "job_expire_orders (trigger: interval[0:05:00], next run at: 2026-10-05 21:27:34 UTC)" (scheduled at 2026-10-05 21:22:34.173797+00:00)
2026-10-05 23:22:34,184 | INFO     | apscheduler.executors.default | Running job "job_check_crypto (trigger: interval[0:02:00], next run at: 2026-10-05 21:24:34 UTC)" (scheduled at 2026-10-05 21:22:34.173828+00:00)
2026-10-05 23:22:34,185 | INFO     | apscheduler.executors.default | Job "job_check_crypto (trigger: interval[0:02:00], next run at: 2026-10-05 21:24:34 UTC)" executed successfully
2026-10-05 23:22:34,185 | INFO     | apscheduler.executors.default | Running job "job_autopay (trigger: interval[0:05:00], next run at: 2026-10-05 21:27:34 UTC)" (scheduled at 2026-10-05 21:22:34.173855+00:00)
2026-10-05 23:22:34,185 | INFO     | apscheduler.executors.default | Job "job_autopay (trigger: interval[0:05:00], next run at: 2026-10-05 21:27:34 UTC)" executed successfully
2026-10-05 23:22:34,185 | INFO     | apscheduler.executors.default | Running job "job_node_health (trigger: interval[0:05:00], next run at: 2026-10-05 21:27:34 UTC)" (scheduled at 2026-10-05 21:22:34.173878+00:00)
2026-10-05 23:22:34,185 | INFO     | apscheduler.executors.default | Job "job_node_health (trigger: interval[0:05:00], next run at: 2026-10-05 21:27:34 UTC)" executed successfully
2026-10-05 23:22:34,189 | INFO     | apscheduler.executors.default | Job "job_expire_orders (trigger: interval[0:05:00], next run at: 2026-10-05 21:27:34 UTC)" executed successfully
2026-10-05 23:22:34,190 | INFO     | apscheduler.executors.default | Job "job_expire_subscriptions (trigger: interval[0:10:00], next run at: 2026-10-05 21:32:34 UTC)" executed successfully
2026-10-05 23:24:34,176 | INFO     | apscheduler.executors.default | Running job "job_check_crypto (trigger: interval[0:02:00], next run at: 2026-10-05 21:26:34 UTC)" (scheduled at 2026-10-05 21:24:34.173828+00:00)
2026-10-05 23:24:34,177 | INFO     | apscheduler.executors.default | Job "job_check_crypto (trigger: interval[0:02:00], next run at: 2026-10-05 21:26:34 UTC)" executed successfully
2026-10-05 23:26:34,175 | INFO     | apscheduler.executors.default | Running job "job_check_crypto (trigger: interval[0:02:00], next run at: 2026-10-05 21:28:34 UTC)" (scheduled at 2026-10-05 21:26:34.173828+00:00)
2026-10-05 23:26:34,176 | INFO     | apscheduler.executors.default | Job "job_check_crypto (trigger: interval[0:02:00], next run at: 2026-10-05 21:28:34 UTC)" executed successfully
2026-10-05 23:27:34,175 | INFO     | apscheduler.executors.default | Running job "job_expire_orders (trigger: interval[0:05:00], next run at: 2026-10-05 21:32:34 UTC)" (scheduled at 2026-10-05 21:27:34.173797+00:00)
2026-10-05 23:27:34,181 | INFO     | apscheduler.executors.default | Running job "job_autopay (trigger: interval[0:05:00], next run at: 2026-10-05 21:32:34 UTC)" (scheduled at 2026-10-05 21:27:34.173855+00:00)
2026-10-05 23:27:34,182 | INFO     | apscheduler.executors.default | Job "job_autopay (trigger: interval[0:05:00], next run at: 2026-10-05 21:32:34 UTC)" executed successfully
2026-10-05 23:27:34,182 | INFO     | apscheduler.executors.default | Running job "job_node_health (trigger: interval[0:05:00], next run at: 2026-10-05 21:32:34 UTC)" (scheduled at 2026-10-05 21:27:34.173878+00:00)
2026-10-05 23:27:34,182 | INFO     | apscheduler.executors.default | Job "job_node_health (trigger: interval[0:05:00], next run at: 2026-10-05 21:32:34 UTC)" executed successfully
2026-10-05 23:27:34,185 | INFO     | apscheduler.executors.default | Job "job_expire_orders (trigger: interval[0:05:00], next run at: 2026-10-05 21:32:34 UTC)" executed successfully
2026-10-05 23:28:34,176 | INFO     | apscheduler.executors.default | Running job "job_check_crypto (trigger: interval[0:02:00], next run at: 2026-10-05 21:30:34 UTC)" (scheduled at 2026-10-05 21:28:34.173828+00:00)
2026-10-05 23:28:34,176 | INFO     | apscheduler.executors.default | Job "job_check_crypto (trigger: interval[0:02:00], next run at: 2026-10-05 21:30:34 UTC)" executed successfully
2026-10-05 23:30:34,175 | INFO     | apscheduler.executors.default | Running job "job_check_crypto (trigger: interval[0:02:00], next run at: 2026-10-05 21:32:34 UTC)" (scheduled at 2026-10-05 21:30:34.173828+00:00)
2026-10-05 23:30:34,177 | INFO     | apscheduler.executors.default | Job "job_check_crypto (trigger: interval[0:02:00], next run at: 2026-10-05 21:32:34 UTC)" executed successfully
2026-10-05 23:32:34,176 | INFO     | apscheduler.executors.default | Running job "job_expire_subscriptions (trigger: interval[0:10:00], next run at: 2026-10-05 21:42:34 UTC)" (scheduled at 2026-10-05 21:32:34.173696+00:00)
2026-10-05 23:32:34,183 | INFO     | apscheduler.executors.default | Running job "job_expire_orders (trigger: interval[0:05:00], next run at: 2026-10-05 21:37:34 UTC)" (scheduled at 2026-10-05 21:32:34.173797+00:00)
2026-10-05 23:32:34,184 | INFO     | apscheduler.executors.default | Running job "job_check_crypto (trigger: interval[0:02:00], next run at: 2026-10-05 21:34:34 UTC)" (scheduled at 2026-10-05 21:32:34.173828+00:00)
2026-10-05 23:32:34,184 | INFO     | apscheduler.executors.default | Job "job_check_crypto (trigger: interval[0:02:00], next run at: 2026-10-05 21:34:34 UTC)" executed successfully
2026-10-05 23:32:34,184 | INFO     | apscheduler.executors.default | Running job "job_autopay (trigger: interval[0:05:00], next run at: 2026-10-05 21:37:34 UTC)" (scheduled at 2026-10-05 21:32:34.173855+00:00)
2026-10-05 23:32:34,184 | INFO     | apscheduler.executors.default | Job "job_autopay (trigger: interval[0:05:00], next run at: 2026-10-05 21:37:34 UTC)" executed successfully
2026-10-05 23:32:34,184 | INFO     | apscheduler.executors.default | Running job "job_node_health (trigger: interval[0:05:00], next run at: 2026-10-05 21:37:34 UTC)" (scheduled at 2026-10-05 21:32:34.173878+00:00)
2026-10-05 23:32:34,184 | INFO     | apscheduler.executors.default | Job "job_node_health (trigger: interval[0:05:00], next run at: 2026-10-05 21:37:34 UTC)" executed successfully
2026-10-05 23:32:34,189 | INFO     | apscheduler.executors.default | Job "job_expire_subscriptions (trigger: interval[0:10:00], next run at: 2026-10-05 21:42:34 UTC)" executed successfully
2026-10-05 23:32:34,189 | INFO     | apscheduler.executors.default | Job "job_expire_orders (trigger: interval[0:05:00], next run at: 2026-10-05 21:37:34 UTC)" executed successfully
2026-10-05 23:34:34,176 | INFO     | apscheduler.executors.default | Running job "job_check_crypto (trigger: interval[0:02:00], next run at: 2026-10-05 21:36:34 UTC)" (scheduled at 2026-10-05 21:34:34.173828+00:00)
2026-10-05 23:34:34,178 | INFO     | apscheduler.executors.default | Job "job_check_crypto (trigger: interval[0:02:00], next run at: 2026-10-05 21:36:34 UTC)" executed successfully
2026-10-05 23:36:34,174 | INFO     | apscheduler.executors.default | Running job "job_check_crypto (trigger: interval[0:02:00], next run at: 2026-10-05 21:38:34 UTC)" (scheduled at 2026-10-05 21:36:34.173828+00:00)
2026-10-05 23:36:34,175 | INFO     | apscheduler.executors.default | Job "job_check_crypto (trigger: interval[0:02:00], next run at: 2026-10-05 21:38:34 UTC)" executed successfully
2026-10-05 23:37:34,175 | INFO     | apscheduler.executors.default | Running job "job_expire_orders (trigger: interval[0:05:00], next run at: 2026-10-05 21:42:34 UTC)" (scheduled at 2026-10-05 21:37:34.173797+00:00)
2026-10-05 23:37:34,182 | INFO     | apscheduler.executors.default | Running job "job_autopay (trigger: interval[0:05:00], next run at: 2026-10-05 21:42:34 UTC)" (scheduled at 2026-10-05 21:37:34.173855+00:00)
2026-10-05 23:37:34,182 | INFO     | apscheduler.executors.default | Job "job_autopay (trigger: interval[0:05:00], next run at: 2026-10-05 21:42:34 UTC)" executed successfully
2026-10-05 23:37:34,182 | INFO     | apscheduler.executors.default | Running job "job_node_health (trigger: interval[0:05:00], next run at: 2026-10-05 21:42:34 UTC)" (scheduled at 2026-10-05 21:37:34.173878+00:00)
2026-10-05 23:37:34,182 | INFO     | apscheduler.executors.default | Job "job_node_health (trigger: interval[0:05:00], next run at: 2026-10-05 21:42:34 UTC)" executed successfully
2026-10-05 23:37:34,186 | INFO     | apscheduler.executors.default | Job "job_expire_orders (trigger: interval[0:05:00], next run at: 2026-10-05 21:42:34 UTC)" executed successfully
2026-10-05 23:38:34,176 | INFO     | apscheduler.executors.default | Running job "job_check_crypto (trigger: interval[0:02:00], next run at: 2026-10-05 21:40:34 UTC)" (scheduled at 2026-10-05 21:38:34.173828+00:00)
2026-10-05 23:38:34,177 | INFO     | apscheduler.executors.default | Job "job_check_crypto (trigger: interval[0:02:00], next run at: 2026-10-05 21:40:34 UTC)" executed successfully
2026-10-05 23:40:34,176 | INFO     | apscheduler.executors.default | Running job "job_check_crypto (trigger: interval[0:02:00], next run at: 2026-10-05 21:42:34 UTC)" (scheduled at 2026-10-05 21:40:34.173828+00:00)
2026-10-05 23:40:34,177 | INFO     | apscheduler.executors.default | Job "job_check_crypto (trigger: interval[0:02:00], next run at: 2026-10-05 21:42:34 UTC)" executed successfully
2026-10-05 23:42:34,175 | INFO     | apscheduler.executors.default | Running job "job_expire_subscriptions (trigger: interval[0:10:00], next run at: 2026-10-05 21:52:34 UTC)" (scheduled at 2026-10-05 21:42:34.173696+00:00)
2026-10-05 23:42:34,182 | INFO     | apscheduler.executors.default | Running job "job_expire_orders (trigger: interval[0:05:00], next run at: 2026-10-05 21:47:34 UTC)" (scheduled at 2026-10-05 21:42:34.173797+00:00)
2026-10-05 23:42:34,184 | INFO     | apscheduler.executors.default | Running job "job_check_crypto (trigger: interval[0:02:00], next run at: 2026-10-05 21:44:34 UTC)" (scheduled at 2026-10-05 21:42:34.173828+00:00)
2026-10-05 23:42:34,184 | INFO     | apscheduler.executors.default | Job "job_check_crypto (trigger: interval[0:02:00], next run at: 2026-10-05 21:44:34 UTC)" executed successfully
2026-10-05 23:42:34,185 | INFO     | apscheduler.executors.default | Running job "job_autopay (trigger: interval[0:05:00], next run at: 2026-10-05 21:47:34 UTC)" (scheduled at 2026-10-05 21:42:34.173855+00:00)
2026-10-05 23:42:34,185 | INFO     | apscheduler.executors.default | Job "job_autopay (trigger: interval[0:05:00], next run at: 2026-10-05 21:47:34 UTC)" executed successfully
2026-10-05 23:42:34,185 | INFO     | apscheduler.executors.default | Running job "job_node_health (trigger: interval[0:05:00], next run at: 2026-10-05 21:47:34 UTC)" (scheduled at 2026-10-05 21:42:34.173878+00:00)
2026-10-05 23:42:34,185 | INFO     | apscheduler.executors.default | Job "job_node_health (trigger: interval[0:05:00], next run at: 2026-10-05 21:47:34 UTC)" executed successfully
2026-10-05 23:42:34,188 | INFO     | apscheduler.executors.default | Job "job_expire_orders (trigger: interval[0:05:00], next run at: 2026-10-05 21:47:34 UTC)" executed successfully
2026-10-05 23:42:34,189 | INFO     | apscheduler.executors.default | Job "job_expire_subscriptions (trigger: interval[0:10:00], next run at: 2026-10-05 21:52:34 UTC)" executed successfully
2026-10-05 23:44:34,176 | INFO     | apscheduler.executors.default | Running job "job_check_crypto (trigger: interval[0:02:00], next run at: 2026-10-05 21:46:34 UTC)" (scheduled at 2026-10-05 21:44:34.173828+00:00)
2026-10-05 23:44:34,178 | INFO     | apscheduler.executors.default | Job "job_check_crypto (trigger: interval[0:02:00], next run at: 2026-10-05 21:46:34 UTC)" executed successfully
2026-10-05 23:46:34,176 | INFO     | apscheduler.executors.default | Running job "job_check_crypto (trigger: interval[0:02:00], next run at: 2026-10-05 21:48:34 UTC)" (scheduled at 2026-10-05 21:46:34.173828+00:00)
2026-10-05 23:46:34,178 | INFO     | apscheduler.executors.default | Job "job_check_crypto (trigger: interval[0:02:00], next run at: 2026-10-05 21:48:34 UTC)" executed successfully
2026-10-05 23:47:34,175 | INFO     | apscheduler.executors.default | Running job "job_expire_orders (trigger: interval[0:05:00], next run at: 2026-10-05 21:52:34 UTC)" (scheduled at 2026-10-05 21:47:34.173797+00:00)
2026-10-05 23:47:34,182 | INFO     | apscheduler.executors.default | Running job "job_autopay (trigger: interval[0:05:00], next run at: 2026-10-05 21:52:34 UTC)" (scheduled at 2026-10-05 21:47:34.173855+00:00)
2026-10-05 23:47:34,182 | INFO     | apscheduler.executors.default | Job "job_autopay (trigger: interval[0:05:00], next run at: 2026-10-05 21:52:34 UTC)" executed successfully
2026-10-05 23:47:34,183 | INFO     | apscheduler.executors.default | Running job "job_node_health (trigger: interval[0:05:00], next run at: 2026-10-05 21:52:34 UTC)" (scheduled at 2026-10-05 21:47:34.173878+00:00)
2026-10-05 23:47:34,183 | INFO     | apscheduler.executors.default | Job "job_node_health (trigger: interval[0:05:00], next run at: 2026-10-05 21:52:34 UTC)" executed successfully
2026-10-05 23:47:34,187 | INFO     | apscheduler.executors.default | Job "job_expire_orders (trigger: interval[0:05:00], next run at: 2026-10-05 21:52:34 UTC)" executed successfully
2026-10-05 23:48:34,176 | INFO     | apscheduler.executors.default | Running job "job_check_crypto (trigger: interval[0:02:00], next run at: 2026-10-05 21:50:34 UTC)" (scheduled at 2026-10-05 21:48:34.173828+00:00)
2026-10-05 23:48:34,177 | INFO     | apscheduler.executors.default | Job "job_check_crypto (trigger: interval[0:02:00], next run at: 2026-10-05 21:50:34 UTC)" executed successfully
2026-10-05 23:50:34,176 | INFO     | apscheduler.executors.default | Running job "job_check_crypto (trigger: interval[0:02:00], next run at: 2026-10-05 21:52:34 UTC)" (scheduled at 2026-10-05 21:50:34.173828+00:00)
2026-10-05 23:50:34,177 | INFO     | apscheduler.executors.default | Job "job_check_crypto (trigger: interval[0:02:00], next run at: 2026-10-05 21:52:34 UTC)" executed successfully
2026-10-05 23:52:34,175 | INFO     | apscheduler.executors.default | Running job "job_expire_subscriptions (trigger: interval[0:10:00], next run at: 2026-10-05 22:02:34 UTC)" (scheduled at 2026-10-05 21:52:34.173696+00:00)
2026-10-05 23:52:34,181 | INFO     | apscheduler.executors.default | Running job "job_expire_orders (trigger: interval[0:05:00], next run at: 2026-10-05 21:57:34 UTC)" (scheduled at 2026-10-05 21:52:34.173797+00:00)
2026-10-05 23:52:34,182 | INFO     | apscheduler.executors.default | Running job "job_check_crypto (trigger: interval[0:02:00], next run at: 2026-10-05 21:54:34 UTC)" (scheduled at 2026-10-05 21:52:34.173828+00:00)
2026-10-05 23:52:34,182 | INFO     | apscheduler.executors.default | Job "job_check_crypto (trigger: interval[0:02:00], next run at: 2026-10-05 21:54:34 UTC)" executed successfully
2026-10-05 23:52:34,182 | INFO     | apscheduler.executors.default | Running job "job_autopay (trigger: interval[0:05:00], next run at: 2026-10-05 21:57:34 UTC)" (scheduled at 2026-10-05 21:52:34.173855+00:00)
2026-10-05 23:52:34,183 | INFO     | apscheduler.executors.default | Job "job_autopay (trigger: interval[0:05:00], next run at: 2026-10-05 21:57:34 UTC)" executed successfully
2026-10-05 23:52:34,183 | INFO     | apscheduler.executors.default | Running job "job_node_health (trigger: interval[0:05:00], next run at: 2026-10-05 21:57:34 UTC)" (scheduled at 2026-10-05 21:52:34.173878+00:00)
2026-10-05 23:52:34,183 | INFO     | apscheduler.executors.default | Job "job_node_health (trigger: interval[0:05:00], next run at: 2026-10-05 21:57:34 UTC)" executed successfully
2026-10-05 23:52:34,186 | INFO     | apscheduler.executors.default | Job "job_expire_subscriptions (trigger: interval[0:10:00], next run at: 2026-10-05 22:02:34 UTC)" executed successfully
2026-10-05 23:52:34,186 | INFO     | apscheduler.executors.default | Job "job_expire_orders (trigger: interval[0:05:00], next run at: 2026-10-05 21:57:34 UTC)" executed successfully
2026-10-05 23:54:34,175 | INFO     | apscheduler.executors.default | Running job "job_check_crypto (trigger: interval[0:02:00], next run at: 2026-10-05 21:56:34 UTC)" (scheduled at 2026-10-05 21:54:34.173828+00:00)
2026-10-05 23:54:34,176 | INFO     | apscheduler.executors.default | Job "job_check_crypto (trigger: interval[0:02:00], next run at: 2026-10-05 21:56:34 UTC)" executed successfully
2026-10-05 23:56:34,176 | INFO     | apscheduler.executors.default | Running job "job_check_crypto (trigger: interval[0:02:00], next run at: 2026-10-05 21:58:34 UTC)" (scheduled at 2026-10-05 21:56:34.173828+00:00)
2026-10-05 23:56:34,176 | INFO     | apscheduler.executors.default | Job "job_check_crypto (trigger: interval[0:02:00], next run at: 2026-10-05 21:58:34 UTC)" executed successfully
2026-10-05 23:57:34,176 | INFO     | apscheduler.executors.default | Running job "job_expire_orders (trigger: interval[0:05:00], next run at: 2026-10-05 22:02:34 UTC)" (scheduled at 2026-10-05 21:57:34.173797+00:00)
2026-10-05 23:57:34,183 | INFO     | apscheduler.executors.default | Running job "job_autopay (trigger: interval[0:05:00], next run at: 2026-10-05 22:02:34 UTC)" (scheduled at 2026-10-05 21:57:34.173855+00:00)
2026-10-05 23:57:34,183 | INFO     | apscheduler.executors.default | Job "job_autopay (trigger: interval[0:05:00], next run at: 2026-10-05 22:02:34 UTC)" executed successfully
2026-10-05 23:57:34,184 | INFO     | apscheduler.executors.default | Running job "job_node_health (trigger: interval[0:05:00], next run at: 2026-10-05 22:02:34 UTC)" (scheduled at 2026-10-05 21:57:34.173878+00:00)
2026-10-05 23:57:34,184 | INFO     | apscheduler.executors.default | Job "job_node_health (trigger: interval[0:05:00], next run at: 2026-10-05 22:02:34 UTC)" executed successfully
2026-10-05 23:57:34,187 | INFO     | apscheduler.executors.default | Job "job_expire_orders (trigger: interval[0:05:00], next run at: 2026-10-05 22:02:34 UTC)" executed successfully
2026-10-05 23:58:34,176 | INFO     | apscheduler.executors.default | Running job "job_check_crypto (trigger: interval[0:02:00], next run at: 2026-10-05 22:00:34 UTC)" (scheduled at 2026-10-05 21:58:34.173828+00:00)
2026-10-05 23:58:34,176 | INFO     | apscheduler.executors.default | Job "job_check_crypto (trigger: interval[0:02:00], next run at: 2026-10-05 22:00:34 UTC)" executed successfully
2026-10-06 00:00:34,175 | INFO     | apscheduler.executors.default | Running job "job_check_crypto (trigger: interval[0:02:00], next run at: 2026-10-05 22:02:34 UTC)" (scheduled at 2026-10-05 22:00:34.173828+00:00)
2026-10-06 00:00:34,175 | INFO     | apscheduler.executors.default | Job "job_check_crypto (trigger: interval[0:02:00], next run at: 2026-10-05 22:02:34 UTC)" executed successfully
2026-10-06 00:02:34,177 | INFO     | apscheduler.executors.default | Running job "job_expire_subscriptions (trigger: interval[0:10:00], next run at: 2026-10-05 22:12:34 UTC)" (scheduled at 2026-10-05 22:02:34.173696+00:00)
2026-10-06 00:02:34,183 | INFO     | apscheduler.executors.default | Running job "job_reminders (trigger: interval[1:00:00], next run at: 2026-10-05 23:02:34 UTC)" (scheduled at 2026-10-05 22:02:34.173759+00:00)
2026-10-06 00:02:34,189 | INFO     | apscheduler.executors.default | Running job "job_expire_orders (trigger: interval[0:05:00], next run at: 2026-10-05 22:07:34 UTC)" (scheduled at 2026-10-05 22:02:34.173797+00:00)
2026-10-06 00:02:34,190 | INFO     | apscheduler.executors.default | Running job "job_check_crypto (trigger: interval[0:02:00], next run at: 2026-10-05 22:04:34 UTC)" (scheduled at 2026-10-05 22:02:34.173828+00:00)
2026-10-06 00:02:34,190 | INFO     | apscheduler.executors.default | Job "job_check_crypto (trigger: interval[0:02:00], next run at: 2026-10-05 22:04:34 UTC)" executed successfully
2026-10-06 00:02:34,190 | INFO     | apscheduler.executors.default | Running job "job_autopay (trigger: interval[0:05:00], next run at: 2026-10-05 22:07:34 UTC)" (scheduled at 2026-10-05 22:02:34.173855+00:00)
2026-10-06 00:02:34,190 | INFO     | apscheduler.executors.default | Job "job_autopay (trigger: interval[0:05:00], next run at: 2026-10-05 22:07:34 UTC)" executed successfully
2026-10-06 00:02:34,190 | INFO     | apscheduler.executors.default | Running job "job_node_health (trigger: interval[0:05:00], next run at: 2026-10-05 22:07:34 UTC)" (scheduled at 2026-10-05 22:02:34.173878+00:00)
2026-10-06 00:02:34,190 | INFO     | apscheduler.executors.default | Job "job_node_health (trigger: interval[0:05:00], next run at: 2026-10-05 22:07:34 UTC)" executed successfully
2026-10-06 00:02:34,197 | INFO     | apscheduler.executors.default | Job "job_expire_subscriptions (trigger: interval[0:10:00], next run at: 2026-10-05 22:12:34 UTC)" executed successfully
2026-10-06 00:02:34,198 | INFO     | apscheduler.executors.default | Job "job_reminders (trigger: interval[1:00:00], next run at: 2026-10-05 23:02:34 UTC)" executed successfully
2026-10-06 00:02:34,198 | INFO     | apscheduler.executors.default | Job "job_expire_orders (trigger: interval[0:05:00], next run at: 2026-10-05 22:07:34 UTC)" executed successfully
2026-10-06 00:04:34,176 | INFO     | apscheduler.executors.default | Running job "job_check_crypto (trigger: interval[0:02:00], next run at: 2026-10-05 22:06:34 UTC)" (scheduled at 2026-10-05 22:04:34.173828+00:00)
2026-10-06 00:04:34,177 | INFO     | apscheduler.executors.default | Job "job_check_crypto (trigger: interval[0:02:00], next run at: 2026-10-05 22:06:34 UTC)" executed successfully
2026-10-06 00:06:34,175 | INFO     | apscheduler.executors.default | Running job "job_check_crypto (trigger: interval[0:02:00], next run at: 2026-10-05 22:08:34 UTC)" (scheduled at 2026-10-05 22:06:34.173828+00:00)
2026-10-06 00:06:34,177 | INFO     | apscheduler.executors.default | Job "job_check_crypto (trigger: interval[0:02:00], next run at: 2026-10-05 22:08:34 UTC)" executed successfully
2026-10-06 00:07:34,176 | INFO     | apscheduler.executors.default | Running job "job_expire_orders (trigger: interval[0:05:00], next run at: 2026-10-05 22:12:34 UTC)" (scheduled at 2026-10-05 22:07:34.173797+00:00)
2026-10-06 00:07:34,183 | INFO     | apscheduler.executors.default | Running job "job_autopay (trigger: interval[0:05:00], next run at: 2026-10-05 22:12:34 UTC)" (scheduled at 2026-10-05 22:07:34.173855+00:00)
2026-10-06 00:07:34,183 | INFO     | apscheduler.executors.default | Job "job_autopay (trigger: interval[0:05:00], next run at: 2026-10-05 22:12:34 UTC)" executed successfully
2026-10-06 00:07:34,184 | INFO     | apscheduler.executors.default | Running job "job_node_health (trigger: interval[0:05:00], next run at: 2026-10-05 22:12:34 UTC)" (scheduled at 2026-10-05 22:07:34.173878+00:00)
2026-10-06 00:07:34,184 | INFO     | apscheduler.executors.default | Job "job_node_health (trigger: interval[0:05:00], next run at: 2026-10-05 22:12:34 UTC)" executed successfully
2026-10-06 00:07:34,187 | INFO     | apscheduler.executors.default | Job "job_expire_orders (trigger: interval[0:05:00], next run at: 2026-10-05 22:12:34 UTC)" executed successfully
2026-10-06 00:08:34,175 | INFO     | apscheduler.executors.default | Running job "job_check_crypto (trigger: interval[0:02:00], next run at: 2026-10-05 22:10:34 UTC)" (scheduled at 2026-10-05 22:08:34.173828+00:00)
2026-10-06 00:08:34,176 | INFO     | apscheduler.executors.default | Job "job_check_crypto (trigger: interval[0:02:00], next run at: 2026-10-05 22:10:34 UTC)" executed successfully
2026-10-06 00:10:34,177 | INFO     | apscheduler.executors.default | Running job "job_check_crypto (trigger: interval[0:02:00], next run at: 2026-10-05 22:12:34 UTC)" (scheduled at 2026-10-05 22:10:34.173828+00:00)
2026-10-06 00:10:34,178 | INFO     | apscheduler.executors.default | Job "job_check_crypto (trigger: interval[0:02:00], next run at: 2026-10-05 22:12:34 UTC)" executed successfully
2026-10-06 00:12:34,174 | INFO     | apscheduler.executors.default | Running job "job_expire_subscriptions (trigger: interval[0:10:00], next run at: 2026-10-05 22:22:34 UTC)" (scheduled at 2026-10-05 22:12:34.173696+00:00)
2026-10-06 00:12:34,180 | INFO     | apscheduler.executors.default | Running job "job_expire_orders (trigger: interval[0:05:00], next run at: 2026-10-05 22:17:34 UTC)" (scheduled at 2026-10-05 22:12:34.173797+00:00)
2026-10-06 00:12:34,181 | INFO     | apscheduler.executors.default | Running job "job_check_crypto (trigger: interval[0:02:00], next run at: 2026-10-05 22:14:34 UTC)" (scheduled at 2026-10-05 22:12:34.173828+00:00)
2026-10-06 00:12:34,181 | INFO     | apscheduler.executors.default | Job "job_check_crypto (trigger: interval[0:02:00], next run at: 2026-10-05 22:14:34 UTC)" executed successfully
2026-10-06 00:12:34,181 | INFO     | apscheduler.executors.default | Running job "job_autopay (trigger: interval[0:05:00], next run at: 2026-10-05 22:17:34 UTC)" (scheduled at 2026-10-05 22:12:34.173855+00:00)
2026-10-06 00:12:34,182 | INFO     | apscheduler.executors.default | Job "job_autopay (trigger: interval[0:05:00], next run at: 2026-10-05 22:17:34 UTC)" executed successfully
2026-10-06 00:12:34,182 | INFO     | apscheduler.executors.default | Running job "job_node_health (trigger: interval[0:05:00], next run at: 2026-10-05 22:17:34 UTC)" (scheduled at 2026-10-05 22:12:34.173878+00:00)
2026-10-06 00:12:34,182 | INFO     | apscheduler.executors.default | Job "job_node_health (trigger: interval[0:05:00], next run at: 2026-10-05 22:17:34 UTC)" executed successfully
2026-10-06 00:12:34,186 | INFO     | apscheduler.executors.default | Job "job_expire_orders (trigger: interval[0:05:00], next run at: 2026-10-05 22:17:34 UTC)" executed successfully
2026-10-06 00:12:34,186 | INFO     | apscheduler.executors.default | Job "job_expire_subscriptions (trigger: interval[0:10:00], next run at: 2026-10-05 22:22:34 UTC)" executed successfully
2026-10-06 00:14:34,174 | INFO     | apscheduler.executors.default | Running job "job_check_crypto (trigger: interval[0:02:00], next run at: 2026-10-05 22:16:34 UTC)" (scheduled at 2026-10-05 22:14:34.173828+00:00)
2026-10-06 00:14:34,175 | INFO     | apscheduler.executors.default | Job "job_check_crypto (trigger: interval[0:02:00], next run at: 2026-10-05 22:16:34 UTC)" executed successfully
2026-10-06 00:16:34,176 | INFO     | apscheduler.executors.default | Running job "job_check_crypto (trigger: interval[0:02:00], next run at: 2026-10-05 22:18:34 UTC)" (scheduled at 2026-10-05 22:16:34.173828+00:00)
2026-10-06 00:16:34,177 | INFO     | apscheduler.executors.default | Job "job_check_crypto (trigger: interval[0:02:00], next run at: 2026-10-05 22:18:34 UTC)" executed successfully
2026-10-06 00:17:34,176 | INFO     | apscheduler.executors.default | Running job "job_expire_orders (trigger: interval[0:05:00], next run at: 2026-10-05 22:22:34 UTC)" (scheduled at 2026-10-05 22:17:34.173797+00:00)
2026-10-06 00:17:34,177 | INFO     | apscheduler.executors.default | Running job "job_autopay (trigger: interval[0:05:00], next run at: 2026-10-05 22:22:34 UTC)" (scheduled at 2026-10-05 22:17:34.173855+00:00)
2026-10-06 00:17:34,177 | INFO     | apscheduler.executors.default | Job "job_autopay (trigger: interval[0:05:00], next run at: 2026-10-05 22:22:34 UTC)" executed successfully
2026-10-06 00:17:34,178 | INFO     | apscheduler.executors.default | Running job "job_node_health (trigger: interval[0:05:00], next run at: 2026-10-05 22:22:34 UTC)" (scheduled at 2026-10-05 22:17:34.173878+00:00)
2026-10-06 00:17:34,178 | INFO     | apscheduler.executors.default | Job "job_node_health (trigger: interval[0:05:00], next run at: 2026-10-05 22:22:34 UTC)" executed successfully
2026-10-06 00:17:34,180 | INFO     | apscheduler.executors.default | Job "job_expire_orders (trigger: interval[0:05:00], next run at: 2026-10-05 22:22:34 UTC)" executed successfully
2026-10-06 00:18:34,175 | INFO     | apscheduler.executors.default | Running job "job_check_crypto (trigger: interval[0:02:00], next run at: 2026-10-05 22:20:34 UTC)" (scheduled at 2026-10-05 22:18:34.173828+00:00)
2026-10-06 00:18:34,175 | INFO     | apscheduler.executors.default | Job "job_check_crypto (trigger: interval[0:02:00], next run at: 2026-10-05 22:20:34 UTC)" executed successfully
2026-10-06 00:20:34,176 | INFO     | apscheduler.executors.default | Running job "job_check_crypto (trigger: interval[0:02:00], next run at: 2026-10-05 22:22:34 UTC)" (scheduled at 2026-10-05 22:20:34.173828+00:00)
2026-10-06 00:20:34,177 | INFO     | apscheduler.executors.default | Job "job_check_crypto (trigger: interval[0:02:00], next run at: 2026-10-05 22:22:34 UTC)" executed successfully
2026-10-06 00:22:34,176 | INFO     | apscheduler.executors.default | Running job "job_expire_subscriptions (trigger: interval[0:10:00], next run at: 2026-10-05 22:32:34 UTC)" (scheduled at 2026-10-05 22:22:34.173696+00:00)
2026-10-06 00:22:34,181 | INFO     | apscheduler.executors.default | Running job "job_expire_orders (trigger: interval[0:05:00], next run at: 2026-10-05 22:27:34 UTC)" (scheduled at 2026-10-05 22:22:34.173797+00:00)
2026-10-06 00:22:34,183 | INFO     | apscheduler.executors.default | Running job "job_check_crypto (trigger: interval[0:02:00], next run at: 2026-10-05 22:24:34 UTC)" (scheduled at 2026-10-05 22:22:34.173828+00:00)
2026-10-06 00:22:34,183 | INFO     | apscheduler.executors.default | Job "job_check_crypto (trigger: interval[0:02:00], next run at: 2026-10-05 22:24:34 UTC)" executed successfully
2026-10-06 00:22:34,183 | INFO     | apscheduler.executors.default | Running job "job_autopay (trigger: interval[0:05:00], next run at: 2026-10-05 22:27:34 UTC)" (scheduled at 2026-10-05 22:22:34.173855+00:00)
2026-10-06 00:22:34,183 | INFO     | apscheduler.executors.default | Job "job_autopay (trigger: interval[0:05:00], next run at: 2026-10-05 22:27:34 UTC)" executed successfully
2026-10-06 00:22:34,183 | INFO     | apscheduler.executors.default | Running job "job_node_health (trigger: interval[0:05:00], next run at: 2026-10-05 22:27:34 UTC)" (scheduled at 2026-10-05 22:22:34.173878+00:00)
2026-10-06 00:22:34,183 | INFO     | apscheduler.executors.default | Job "job_node_health (trigger: interval[0:05:00], next run at: 2026-10-05 22:27:34 UTC)" executed successfully
2026-10-06 00:22:34,187 | INFO     | apscheduler.executors.default | Job "job_expire_orders (trigger: interval[0:05:00], next run at: 2026-10-05 22:27:34 UTC)" executed successfully
2026-10-06 00:22:34,188 | INFO     | apscheduler.executors.default | Job "job_expire_subscriptions (trigger: interval[0:10:00], next run at: 2026-10-05 22:32:34 UTC)" executed successfully
2026-10-06 00:24:34,176 | INFO     | apscheduler.executors.default | Running job "job_check_crypto (trigger: interval[0:02:00], next run at: 2026-10-05 22:26:34 UTC)" (scheduled at 2026-10-05 22:24:34.173828+00:00)
2026-10-06 00:24:34,178 | INFO     | apscheduler.executors.default | Job "job_check_crypto (trigger: interval[0:02:00], next run at: 2026-10-05 22:26:34 UTC)" executed successfully
2026-10-06 00:26:34,176 | INFO     | apscheduler.executors.default | Running job "job_check_crypto (trigger: interval[0:02:00], next run at: 2026-10-05 22:28:34 UTC)" (scheduled at 2026-10-05 22:26:34.173828+00:00)
2026-10-06 00:26:34,177 | INFO     | apscheduler.executors.default | Job "job_check_crypto (trigger: interval[0:02:00], next run at: 2026-10-05 22:28:34 UTC)" executed successfully
2026-10-06 00:27:34,176 | INFO     | apscheduler.executors.default | Running job "job_expire_orders (trigger: interval[0:05:00], next run at: 2026-10-05 22:32:34 UTC)" (scheduled at 2026-10-05 22:27:34.173797+00:00)
2026-10-06 00:27:34,182 | INFO     | apscheduler.executors.default | Running job "job_autopay (trigger: interval[0:05:00], next run at: 2026-10-05 22:32:34 UTC)" (scheduled at 2026-10-05 22:27:34.173855+00:00)
2026-10-06 00:27:34,182 | INFO     | apscheduler.executors.default | Job "job_autopay (trigger: interval[0:05:00], next run at: 2026-10-05 22:32:34 UTC)" executed successfully
2026-10-06 00:27:34,183 | INFO     | apscheduler.executors.default | Running job "job_node_health (trigger: interval[0:05:00], next run at: 2026-10-05 22:32:34 UTC)" (scheduled at 2026-10-05 22:27:34.173878+00:00)
2026-10-06 00:27:34,183 | INFO     | apscheduler.executors.default | Job "job_node_health (trigger: interval[0:05:00], next run at: 2026-10-05 22:32:34 UTC)" executed successfully
2026-10-06 00:27:34,187 | INFO     | apscheduler.executors.default | Job "job_expire_orders (trigger: interval[0:05:00], next run at: 2026-10-05 22:32:34 UTC)" executed successfully
2026-10-06 00:28:34,174 | INFO     | apscheduler.executors.default | Running job "job_check_crypto (trigger: interval[0:02:00], next run at: 2026-10-05 22:30:34 UTC)" (scheduled at 2026-10-05 22:28:34.173828+00:00)
2026-10-06 00:28:34,174 | INFO     | apscheduler.executors.default | Job "job_check_crypto (trigger: interval[0:02:00], next run at: 2026-10-05 22:30:34 UTC)" executed successfully
2026-10-06 00:30:34,175 | INFO     | apscheduler.executors.default | Running job "job_check_crypto (trigger: interval[0:02:00], next run at: 2026-10-05 22:32:34 UTC)" (scheduled at 2026-10-05 22:30:34.173828+00:00)
2026-10-06 00:30:34,176 | INFO     | apscheduler.executors.default | Job "job_check_crypto (trigger: interval[0:02:00], next run at: 2026-10-05 22:32:34 UTC)" executed successfully
2026-10-06 00:32:34,177 | INFO     | apscheduler.executors.default | Running job "job_expire_subscriptions (trigger: interval[0:10:00], next run at: 2026-10-05 22:42:34 UTC)" (scheduled at 2026-10-05 22:32:34.173696+00:00)
2026-10-06 00:32:34,183 | INFO     | apscheduler.executors.default | Running job "job_expire_orders (trigger: interval[0:05:00], next run at: 2026-10-05 22:37:34 UTC)" (scheduled at 2026-10-05 22:32:34.173797+00:00)
2026-10-06 00:32:34,184 | INFO     | apscheduler.executors.default | Running job "job_check_crypto (trigger: interval[0:02:00], next run at: 2026-10-05 22:34:34 UTC)" (scheduled at 2026-10-05 22:32:34.173828+00:00)
2026-10-06 00:32:34,185 | INFO     | apscheduler.executors.default | Job "job_check_crypto (trigger: interval[0:02:00], next run at: 2026-10-05 22:34:34 UTC)" executed successfully
2026-10-06 00:32:34,185 | INFO     | apscheduler.executors.default | Running job "job_autopay (trigger: interval[0:05:00], next run at: 2026-10-05 22:37:34 UTC)" (scheduled at 2026-10-05 22:32:34.173855+00:00)
2026-10-06 00:32:34,185 | INFO     | apscheduler.executors.default | Job "job_autopay (trigger: interval[0:05:00], next run at: 2026-10-05 22:37:34 UTC)" executed successfully
2026-10-06 00:32:34,185 | INFO     | apscheduler.executors.default | Running job "job_node_health (trigger: interval[0:05:00], next run at: 2026-10-05 22:37:34 UTC)" (scheduled at 2026-10-05 22:32:34.173878+00:00)
2026-10-06 00:32:34,185 | INFO     | apscheduler.executors.default | Job "job_node_health (trigger: interval[0:05:00], next run at: 2026-10-05 22:37:34 UTC)" executed successfully
2026-10-06 00:32:34,188 | INFO     | apscheduler.executors.default | Job "job_expire_subscriptions (trigger: interval[0:10:00], next run at: 2026-10-05 22:42:34 UTC)" executed successfully
2026-10-06 00:32:34,189 | INFO     | apscheduler.executors.default | Job "job_expire_orders (trigger: interval[0:05:00], next run at: 2026-10-05 22:37:34 UTC)" executed successfully
2026-10-06 00:34:34,176 | INFO     | apscheduler.executors.default | Running job "job_check_crypto (trigger: interval[0:02:00], next run at: 2026-10-05 22:36:34 UTC)" (scheduled at 2026-10-05 22:34:34.173828+00:00)
2026-10-06 00:34:34,177 | INFO     | apscheduler.executors.default | Job "job_check_crypto (trigger: interval[0:02:00], next run at: 2026-10-05 22:36:34 UTC)" executed successfully
2026-10-06 00:36:34,176 | INFO     | apscheduler.executors.default | Running job "job_check_crypto (trigger: interval[0:02:00], next run at: 2026-10-05 22:38:34 UTC)" (scheduled at 2026-10-05 22:36:34.173828+00:00)
2026-10-06 00:36:34,177 | INFO     | apscheduler.executors.default | Job "job_check_crypto (trigger: interval[0:02:00], next run at: 2026-10-05 22:38:34 UTC)" executed successfully
2026-10-06 00:37:34,176 | INFO     | apscheduler.executors.default | Running job "job_expire_orders (trigger: interval[0:05:00], next run at: 2026-10-05 22:42:34 UTC)" (scheduled at 2026-10-05 22:37:34.173797+00:00)
2026-10-06 00:37:34,181 | INFO     | apscheduler.executors.default | Running job "job_autopay (trigger: interval[0:05:00], next run at: 2026-10-05 22:42:34 UTC)" (scheduled at 2026-10-05 22:37:34.173855+00:00)
2026-10-06 00:37:34,182 | INFO     | apscheduler.executors.default | Job "job_autopay (trigger: interval[0:05:00], next run at: 2026-10-05 22:42:34 UTC)" executed successfully
2026-10-06 00:37:34,182 | INFO     | apscheduler.executors.default | Running job "job_node_health (trigger: interval[0:05:00], next run at: 2026-10-05 22:42:34 UTC)" (scheduled at 2026-10-05 22:37:34.173878+00:00)
2026-10-06 00:37:34,182 | INFO     | apscheduler.executors.default | Job "job_node_health (trigger: interval[0:05:00], next run at: 2026-10-05 22:42:34 UTC)" executed successfully
2026-10-06 00:37:34,185 | INFO     | apscheduler.executors.default | Job "job_expire_orders (trigger: interval[0:05:00], next run at: 2026-10-05 22:42:34 UTC)" executed successfully
2026-10-06 00:38:34,175 | INFO     | apscheduler.executors.default | Running job "job_check_crypto (trigger: interval[0:02:00], next run at: 2026-10-05 22:40:34 UTC)" (scheduled at 2026-10-05 22:38:34.173828+00:00)
2026-10-06 00:38:34,176 | INFO     | apscheduler.executors.default | Job "job_check_crypto (trigger: interval[0:02:00], next run at: 2026-10-05 22:40:34 UTC)" executed successfully
2026-10-06 00:40:34,176 | INFO     | apscheduler.executors.default | Running job "job_check_crypto (trigger: interval[0:02:00], next run at: 2026-10-05 22:42:34 UTC)" (scheduled at 2026-10-05 22:40:34.173828+00:00)
2026-10-06 00:40:34,178 | INFO     | apscheduler.executors.default | Job "job_check_crypto (trigger: interval[0:02:00], next run at: 2026-10-05 22:42:34 UTC)" executed successfully
2026-10-06 00:42:34,176 | INFO     | apscheduler.executors.default | Running job "job_expire_subscriptions (trigger: interval[0:10:00], next run at: 2026-10-05 22:52:34 UTC)" (scheduled at 2026-10-05 22:42:34.173696+00:00)
2026-10-06 00:42:34,183 | INFO     | apscheduler.executors.default | Running job "job_expire_orders (trigger: interval[0:05:00], next run at: 2026-10-05 22:47:34 UTC)" (scheduled at 2026-10-05 22:42:34.173797+00:00)
2026-10-06 00:42:34,184 | INFO     | apscheduler.executors.default | Running job "job_check_crypto (trigger: interval[0:02:00], next run at: 2026-10-05 22:44:34 UTC)" (scheduled at 2026-10-05 22:42:34.173828+00:00)
2026-10-06 00:42:34,184 | INFO     | apscheduler.executors.default | Job "job_check_crypto (trigger: interval[0:02:00], next run at: 2026-10-05 22:44:34 UTC)" executed successfully
2026-10-06 00:42:34,184 | INFO     | apscheduler.executors.default | Running job "job_autopay (trigger: interval[0:05:00], next run at: 2026-10-05 22:47:34 UTC)" (scheduled at 2026-10-05 22:42:34.173855+00:00)
2026-10-06 00:42:34,184 | INFO     | apscheduler.executors.default | Job "job_autopay (trigger: interval[0:05:00], next run at: 2026-10-05 22:47:34 UTC)" executed successfully
2026-10-06 00:42:34,184 | INFO     | apscheduler.executors.default | Running job "job_node_health (trigger: interval[0:05:00], next run at: 2026-10-05 22:47:34 UTC)" (scheduled at 2026-10-05 22:42:34.173878+00:00)
2026-10-06 00:42:34,184 | INFO     | apscheduler.executors.default | Job "job_node_health (trigger: interval[0:05:00], next run at: 2026-10-05 22:47:34 UTC)" executed successfully
2026-10-06 00:42:34,193 | INFO     | apscheduler.executors.default | Job "job_expire_orders (trigger: interval[0:05:00], next run at: 2026-10-05 22:47:34 UTC)" executed successfully
2026-10-06 00:42:34,193 | INFO     | apscheduler.executors.default | Job "job_expire_subscriptions (trigger: interval[0:10:00], next run at: 2026-10-05 22:52:34 UTC)" executed successfully
2026-10-06 00:44:34,174 | INFO     | apscheduler.executors.default | Running job "job_check_crypto (trigger: interval[0:02:00], next run at: 2026-10-05 22:46:34 UTC)" (scheduled at 2026-10-05 22:44:34.173828+00:00)
2026-10-06 00:44:34,175 | INFO     | apscheduler.executors.default | Job "job_check_crypto (trigger: interval[0:02:00], next run at: 2026-10-05 22:46:34 UTC)" executed successfully
2026-10-06 00:46:34,176 | INFO     | apscheduler.executors.default | Running job "job_check_crypto (trigger: interval[0:02:00], next run at: 2026-10-05 22:48:34 UTC)" (scheduled at 2026-10-05 22:46:34.173828+00:00)
2026-10-06 00:46:34,177 | INFO     | apscheduler.executors.default | Job "job_check_crypto (trigger: interval[0:02:00], next run at: 2026-10-05 22:48:34 UTC)" executed successfully
2026-10-06 00:47:34,176 | INFO     | apscheduler.executors.default | Running job "job_expire_orders (trigger: interval[0:05:00], next run at: 2026-10-05 22:52:34 UTC)" (scheduled at 2026-10-05 22:47:34.173797+00:00)
2026-10-06 00:47:34,181 | INFO     | apscheduler.executors.default | Running job "job_autopay (trigger: interval[0:05:00], next run at: 2026-10-05 22:52:34 UTC)" (scheduled at 2026-10-05 22:47:34.173855+00:00)
2026-10-06 00:47:34,182 | INFO     | apscheduler.executors.default | Job "job_autopay (trigger: interval[0:05:00], next run at: 2026-10-05 22:52:34 UTC)" executed successfully
2026-10-06 00:47:34,182 | INFO     | apscheduler.executors.default | Running job "job_node_health (trigger: interval[0:05:00], next run at: 2026-10-05 22:52:34 UTC)" (scheduled at 2026-10-05 22:47:34.173878+00:00)
2026-10-06 00:47:34,182 | INFO     | apscheduler.executors.default | Job "job_node_health (trigger: interval[0:05:00], next run at: 2026-10-05 22:52:34 UTC)" executed successfully
2026-10-06 00:47:34,185 | INFO     | apscheduler.executors.default | Job "job_expire_orders (trigger: interval[0:05:00], next run at: 2026-10-05 22:52:34 UTC)" executed successfully
2026-10-06 00:48:34,176 | INFO     | apscheduler.executors.default | Running job "job_check_crypto (trigger: interval[0:02:00], next run at: 2026-10-05 22:50:34 UTC)" (scheduled at 2026-10-05 22:48:34.173828+00:00)
2026-10-06 00:48:34,181 | INFO     | apscheduler.executors.default | Job "job_check_crypto (trigger: interval[0:02:00], next run at: 2026-10-05 22:50:34 UTC)" executed successfully
2026-10-06 00:50:34,176 | INFO     | apscheduler.executors.default | Running job "job_check_crypto (trigger: interval[0:02:00], next run at: 2026-10-05 22:52:34 UTC)" (scheduled at 2026-10-05 22:50:34.173828+00:00)
2026-10-06 00:50:34,176 | INFO     | apscheduler.executors.default | Job "job_check_crypto (trigger: interval[0:02:00], next run at: 2026-10-05 22:52:34 UTC)" executed successfully
2026-10-06 00:52:34,176 | INFO     | apscheduler.executors.default | Running job "job_expire_subscriptions (trigger: interval[0:10:00], next run at: 2026-10-05 23:02:34 UTC)" (scheduled at 2026-10-05 22:52:34.173696+00:00)
2026-10-06 00:52:34,179 | INFO     | apscheduler.executors.default | Running job "job_expire_orders (trigger: interval[0:05:00], next run at: 2026-10-05 22:57:34 UTC)" (scheduled at 2026-10-05 22:52:34.173797+00:00)
2026-10-06 00:52:34,180 | INFO     | apscheduler.executors.default | Running job "job_check_crypto (trigger: interval[0:02:00], next run at: 2026-10-05 22:54:34 UTC)" (scheduled at 2026-10-05 22:52:34.173828+00:00)
2026-10-06 00:52:34,180 | INFO     | apscheduler.executors.default | Job "job_check_crypto (trigger: interval[0:02:00], next run at: 2026-10-05 22:54:34 UTC)" executed successfully
2026-10-06 00:52:34,180 | INFO     | apscheduler.executors.default | Running job "job_autopay (trigger: interval[0:05:00], next run at: 2026-10-05 22:57:34 UTC)" (scheduled at 2026-10-05 22:52:34.173855+00:00)
2026-10-06 00:52:34,180 | INFO     | apscheduler.executors.default | Job "job_autopay (trigger: interval[0:05:00], next run at: 2026-10-05 22:57:34 UTC)" executed successfully
2026-10-06 00:52:34,180 | INFO     | apscheduler.executors.default | Running job "job_node_health (trigger: interval[0:05:00], next run at: 2026-10-05 22:57:34 UTC)" (scheduled at 2026-10-05 22:52:34.173878+00:00)
2026-10-06 00:52:34,180 | INFO     | apscheduler.executors.default | Job "job_node_health (trigger: interval[0:05:00], next run at: 2026-10-05 22:57:34 UTC)" executed successfully
2026-10-06 00:52:34,183 | INFO     | apscheduler.executors.default | Job "job_expire_subscriptions (trigger: interval[0:10:00], next run at: 2026-10-05 23:02:34 UTC)" executed successfully
2026-10-06 00:52:34,184 | INFO     | apscheduler.executors.default | Job "job_expire_orders (trigger: interval[0:05:00], next run at: 2026-10-05 22:57:34 UTC)" executed successfully
2026-10-06 00:54:34,176 | INFO     | apscheduler.executors.default | Running job "job_check_crypto (trigger: interval[0:02:00], next run at: 2026-10-05 22:56:34 UTC)" (scheduled at 2026-10-05 22:54:34.173828+00:00)
2026-10-06 00:54:34,177 | INFO     | apscheduler.executors.default | Job "job_check_crypto (trigger: interval[0:02:00], next run at: 2026-10-05 22:56:34 UTC)" executed successfully
2026-10-06 00:56:34,175 | INFO     | apscheduler.executors.default | Running job "job_check_crypto (trigger: interval[0:02:00], next run at: 2026-10-05 22:58:34 UTC)" (scheduled at 2026-10-05 22:56:34.173828+00:00)
2026-10-06 00:56:34,176 | INFO     | apscheduler.executors.default | Job "job_check_crypto (trigger: interval[0:02:00], next run at: 2026-10-05 22:58:34 UTC)" executed successfully
2026-10-06 00:57:34,175 | INFO     | apscheduler.executors.default | Running job "job_expire_orders (trigger: interval[0:05:00], next run at: 2026-10-05 23:02:34 UTC)" (scheduled at 2026-10-05 22:57:34.173797+00:00)
2026-10-06 00:57:34,176 | INFO     | apscheduler.executors.default | Running job "job_autopay (trigger: interval[0:05:00], next run at: 2026-10-05 23:02:34 UTC)" (scheduled at 2026-10-05 22:57:34.173855+00:00)
2026-10-06 00:57:34,176 | INFO     | apscheduler.executors.default | Job "job_autopay (trigger: interval[0:05:00], next run at: 2026-10-05 23:02:34 UTC)" executed successfully
2026-10-06 00:57:34,176 | INFO     | apscheduler.executors.default | Running job "job_node_health (trigger: interval[0:05:00], next run at: 2026-10-05 23:02:34 UTC)" (scheduled at 2026-10-05 22:57:34.173878+00:00)
2026-10-06 00:57:34,176 | INFO     | apscheduler.executors.default | Job "job_node_health (trigger: interval[0:05:00], next run at: 2026-10-05 23:02:34 UTC)" executed successfully
2026-10-06 00:57:34,178 | INFO     | apscheduler.executors.default | Job "job_expire_orders (trigger: interval[0:05:00], next run at: 2026-10-05 23:02:34 UTC)" executed successfully
2026-10-06 00:58:34,176 | INFO     | apscheduler.executors.default | Running job "job_check_crypto (trigger: interval[0:02:00], next run at: 2026-10-05 23:00:34 UTC)" (scheduled at 2026-10-05 22:58:34.173828+00:00)
2026-10-06 00:58:34,176 | INFO     | apscheduler.executors.default | Job "job_check_crypto (trigger: interval[0:02:00], next run at: 2026-10-05 23:00:34 UTC)" executed successfully
2026-10-06 01:00:34,177 | INFO     | apscheduler.executors.default | Running job "job_check_crypto (trigger: interval[0:02:00], next run at: 2026-10-05 23:02:34 UTC)" (scheduled at 2026-10-05 23:00:34.173828+00:00)
2026-10-06 01:00:34,178 | INFO     | apscheduler.executors.default | Job "job_check_crypto (trigger: interval[0:02:00], next run at: 2026-10-05 23:02:34 UTC)" executed successfully
2026-10-06 01:02:34,176 | INFO     | apscheduler.executors.default | Running job "job_expire_subscriptions (trigger: interval[0:10:00], next run at: 2026-10-05 23:12:34 UTC)" (scheduled at 2026-10-05 23:02:34.173696+00:00)
2026-10-06 01:02:34,183 | INFO     | apscheduler.executors.default | Running job "job_reminders (trigger: interval[1:00:00], next run at: 2026-10-06 00:02:34 UTC)" (scheduled at 2026-10-05 23:02:34.173759+00:00)
2026-10-06 01:02:34,184 | INFO     | apscheduler.executors.default | Running job "job_expire_orders (trigger: interval[0:05:00], next run at: 2026-10-05 23:07:34 UTC)" (scheduled at 2026-10-05 23:02:34.173797+00:00)
2026-10-06 01:02:34,185 | INFO     | apscheduler.executors.default | Running job "job_check_crypto (trigger: interval[0:02:00], next run at: 2026-10-05 23:04:34 UTC)" (scheduled at 2026-10-05 23:02:34.173828+00:00)
2026-10-06 01:02:34,185 | INFO     | apscheduler.executors.default | Job "job_check_crypto (trigger: interval[0:02:00], next run at: 2026-10-05 23:04:34 UTC)" executed successfully
2026-10-06 01:02:34,185 | INFO     | apscheduler.executors.default | Running job "job_autopay (trigger: interval[0:05:00], next run at: 2026-10-05 23:07:34 UTC)" (scheduled at 2026-10-05 23:02:34.173855+00:00)
2026-10-06 01:02:34,185 | INFO     | apscheduler.executors.default | Job "job_autopay (trigger: interval[0:05:00], next run at: 2026-10-05 23:07:34 UTC)" executed successfully
2026-10-06 01:02:34,185 | INFO     | apscheduler.executors.default | Running job "job_node_health (trigger: interval[0:05:00], next run at: 2026-10-05 23:07:34 UTC)" (scheduled at 2026-10-05 23:02:34.173878+00:00)
2026-10-06 01:02:34,185 | INFO     | apscheduler.executors.default | Job "job_node_health (trigger: interval[0:05:00], next run at: 2026-10-05 23:07:34 UTC)" executed successfully
2026-10-06 01:02:34,191 | INFO     | apscheduler.executors.default | Job "job_expire_orders (trigger: interval[0:05:00], next run at: 2026-10-05 23:07:34 UTC)" executed successfully
2026-10-06 01:02:34,191 | INFO     | apscheduler.executors.default | Job "job_expire_subscriptions (trigger: interval[0:10:00], next run at: 2026-10-05 23:12:34 UTC)" executed successfully
2026-10-06 01:02:34,192 | INFO     | apscheduler.executors.default | Job "job_reminders (trigger: interval[1:00:00], next run at: 2026-10-06 00:02:34 UTC)" executed successfully
2026-10-06 01:04:34,175 | INFO     | apscheduler.executors.default | Running job "job_check_crypto (trigger: interval[0:02:00], next run at: 2026-10-05 23:06:34 UTC)" (scheduled at 2026-10-05 23:04:34.173828+00:00)
2026-10-06 01:04:34,176 | INFO     | apscheduler.executors.default | Job "job_check_crypto (trigger: interval[0:02:00], next run at: 2026-10-05 23:06:34 UTC)" executed successfully
2026-10-06 01:06:34,177 | INFO     | apscheduler.executors.default | Running job "job_check_crypto (trigger: interval[0:02:00], next run at: 2026-10-05 23:08:34 UTC)" (scheduled at 2026-10-05 23:06:34.173828+00:00)
2026-10-06 01:06:34,179 | INFO     | apscheduler.executors.default | Job "job_check_crypto (trigger: interval[0:02:00], next run at: 2026-10-05 23:08:34 UTC)" executed successfully
2026-10-06 01:07:34,174 | INFO     | apscheduler.executors.default | Running job "job_expire_orders (trigger: interval[0:05:00], next run at: 2026-10-05 23:12:34 UTC)" (scheduled at 2026-10-05 23:07:34.173797+00:00)
2026-10-06 01:07:34,182 | INFO     | apscheduler.executors.default | Running job "job_autopay (trigger: interval[0:05:00], next run at: 2026-10-05 23:12:34 UTC)" (scheduled at 2026-10-05 23:07:34.173855+00:00)
2026-10-06 01:07:34,182 | INFO     | apscheduler.executors.default | Job "job_autopay (trigger: interval[0:05:00], next run at: 2026-10-05 23:12:34 UTC)" executed successfully
2026-10-06 01:07:34,182 | INFO     | apscheduler.executors.default | Running job "job_node_health (trigger: interval[0:05:00], next run at: 2026-10-05 23:12:34 UTC)" (scheduled at 2026-10-05 23:07:34.173878+00:00)
2026-10-06 01:07:34,182 | INFO     | apscheduler.executors.default | Job "job_node_health (trigger: interval[0:05:00], next run at: 2026-10-05 23:12:34 UTC)" executed successfully
2026-10-06 01:07:34,186 | INFO     | apscheduler.executors.default | Job "job_expire_orders (trigger: interval[0:05:00], next run at: 2026-10-05 23:12:34 UTC)" executed successfully
2026-10-06 01:08:34,175 | INFO     | apscheduler.executors.default | Running job "job_check_crypto (trigger: interval[0:02:00], next run at: 2026-10-05 23:10:34 UTC)" (scheduled at 2026-10-05 23:08:34.173828+00:00)
2026-10-06 01:08:34,176 | INFO     | apscheduler.executors.default | Job "job_check_crypto (trigger: interval[0:02:00], next run at: 2026-10-05 23:10:34 UTC)" executed successfully
2026-10-06 01:10:34,176 | INFO     | apscheduler.executors.default | Running job "job_check_crypto (trigger: interval[0:02:00], next run at: 2026-10-05 23:12:34 UTC)" (scheduled at 2026-10-05 23:10:34.173828+00:00)
2026-10-06 01:10:34,177 | INFO     | apscheduler.executors.default | Job "job_check_crypto (trigger: interval[0:02:00], next run at: 2026-10-05 23:12:34 UTC)" executed successfully
2026-10-06 01:12:34,176 | INFO     | apscheduler.executors.default | Running job "job_expire_subscriptions (trigger: interval[0:10:00], next run at: 2026-10-05 23:22:34 UTC)" (scheduled at 2026-10-05 23:12:34.173696+00:00)
2026-10-06 01:12:34,182 | INFO     | apscheduler.executors.default | Running job "job_expire_orders (trigger: interval[0:05:00], next run at: 2026-10-05 23:17:34 UTC)" (scheduled at 2026-10-05 23:12:34.173797+00:00)
2026-10-06 01:12:34,184 | INFO     | apscheduler.executors.default | Running job "job_check_crypto (trigger: interval[0:02:00], next run at: 2026-10-05 23:14:34 UTC)" (scheduled at 2026-10-05 23:12:34.173828+00:00)
2026-10-06 01:12:34,184 | INFO     | apscheduler.executors.default | Job "job_check_crypto (trigger: interval[0:02:00], next run at: 2026-10-05 23:14:34 UTC)" executed successfully
2026-10-06 01:12:34,184 | INFO     | apscheduler.executors.default | Running job "job_autopay (trigger: interval[0:05:00], next run at: 2026-10-05 23:17:34 UTC)" (scheduled at 2026-10-05 23:12:34.173855+00:00)
2026-10-06 01:12:34,185 | INFO     | apscheduler.executors.default | Job "job_autopay (trigger: interval[0:05:00], next run at: 2026-10-05 23:17:34 UTC)" executed successfully
2026-10-06 01:12:34,185 | INFO     | apscheduler.executors.default | Running job "job_node_health (trigger: interval[0:05:00], next run at: 2026-10-05 23:17:34 UTC)" (scheduled at 2026-10-05 23:12:34.173878+00:00)
2026-10-06 01:12:34,185 | INFO     | apscheduler.executors.default | Job "job_node_health (trigger: interval[0:05:00], next run at: 2026-10-05 23:17:34 UTC)" executed successfully
2026-10-06 01:12:34,189 | INFO     | apscheduler.executors.default | Job "job_expire_subscriptions (trigger: interval[0:10:00], next run at: 2026-10-05 23:22:34 UTC)" executed successfully
2026-10-06 01:12:34,189 | INFO     | apscheduler.executors.default | Job "job_expire_orders (trigger: interval[0:05:00], next run at: 2026-10-05 23:17:34 UTC)" executed successfully
2026-10-06 01:14:34,177 | INFO     | apscheduler.executors.default | Running job "job_check_crypto (trigger: interval[0:02:00], next run at: 2026-10-05 23:16:34 UTC)" (scheduled at 2026-10-05 23:14:34.173828+00:00)
2026-10-06 01:14:34,178 | INFO     | apscheduler.executors.default | Job "job_check_crypto (trigger: interval[0:02:00], next run at: 2026-10-05 23:16:34 UTC)" executed successfully
2026-10-06 01:16:34,177 | INFO     | apscheduler.executors.default | Running job "job_check_crypto (trigger: interval[0:02:00], next run at: 2026-10-05 23:18:34 UTC)" (scheduled at 2026-10-05 23:16:34.173828+00:00)
2026-10-06 01:16:34,178 | INFO     | apscheduler.executors.default | Job "job_check_crypto (trigger: interval[0:02:00], next run at: 2026-10-05 23:18:34 UTC)" executed successfully
2026-10-06 01:17:34,175 | INFO     | apscheduler.executors.default | Running job "job_expire_orders (trigger: interval[0:05:00], next run at: 2026-10-05 23:22:34 UTC)" (scheduled at 2026-10-05 23:17:34.173797+00:00)
2026-10-06 01:17:34,182 | INFO     | apscheduler.executors.default | Running job "job_autopay (trigger: interval[0:05:00], next run at: 2026-10-05 23:22:34 UTC)" (scheduled at 2026-10-05 23:17:34.173855+00:00)
2026-10-06 01:17:34,182 | INFO     | apscheduler.executors.default | Job "job_autopay (trigger: interval[0:05:00], next run at: 2026-10-05 23:22:34 UTC)" executed successfully
2026-10-06 01:17:34,182 | INFO     | apscheduler.executors.default | Running job "job_node_health (trigger: interval[0:05:00], next run at: 2026-10-05 23:22:34 UTC)" (scheduled at 2026-10-05 23:17:34.173878+00:00)
2026-10-06 01:17:34,183 | INFO     | apscheduler.executors.default | Job "job_node_health (trigger: interval[0:05:00], next run at: 2026-10-05 23:22:34 UTC)" executed successfully
2026-10-06 01:17:34,186 | INFO     | apscheduler.executors.default | Job "job_expire_orders (trigger: interval[0:05:00], next run at: 2026-10-05 23:22:34 UTC)" executed successfully
2026-10-06 01:18:34,177 | INFO     | apscheduler.executors.default | Running job "job_check_crypto (trigger: interval[0:02:00], next run at: 2026-10-05 23:20:34 UTC)" (scheduled at 2026-10-05 23:18:34.173828+00:00)
2026-10-06 01:18:34,178 | INFO     | apscheduler.executors.default | Job "job_check_crypto (trigger: interval[0:02:00], next run at: 2026-10-05 23:20:34 UTC)" executed successfully
2026-10-06 01:20:34,175 | INFO     | apscheduler.executors.default | Running job "job_check_crypto (trigger: interval[0:02:00], next run at: 2026-10-05 23:22:34 UTC)" (scheduled at 2026-10-05 23:20:34.173828+00:00)
2026-10-06 01:20:34,177 | INFO     | apscheduler.executors.default | Job "job_check_crypto (trigger: interval[0:02:00], next run at: 2026-10-05 23:22:34 UTC)" executed successfully
2026-10-06 01:22:34,176 | INFO     | apscheduler.executors.default | Running job "job_expire_subscriptions (trigger: interval[0:10:00], next run at: 2026-10-05 23:32:34 UTC)" (scheduled at 2026-10-05 23:22:34.173696+00:00)
2026-10-06 01:22:34,183 | INFO     | apscheduler.executors.default | Running job "job_expire_orders (trigger: interval[0:05:00], next run at: 2026-10-05 23:27:34 UTC)" (scheduled at 2026-10-05 23:22:34.173797+00:00)
2026-10-06 01:22:34,184 | INFO     | apscheduler.executors.default | Running job "job_check_crypto (trigger: interval[0:02:00], next run at: 2026-10-05 23:24:34 UTC)" (scheduled at 2026-10-05 23:22:34.173828+00:00)
2026-10-06 01:22:34,184 | INFO     | apscheduler.executors.default | Job "job_check_crypto (trigger: interval[0:02:00], next run at: 2026-10-05 23:24:34 UTC)" executed successfully
2026-10-06 01:22:34,184 | INFO     | apscheduler.executors.default | Running job "job_autopay (trigger: interval[0:05:00], next run at: 2026-10-05 23:27:34 UTC)" (scheduled at 2026-10-05 23:22:34.173855+00:00)
2026-10-06 01:22:34,184 | INFO     | apscheduler.executors.default | Job "job_autopay (trigger: interval[0:05:00], next run at: 2026-10-05 23:27:34 UTC)" executed successfully
2026-10-06 01:22:34,184 | INFO     | apscheduler.executors.default | Running job "job_node_health (trigger: interval[0:05:00], next run at: 2026-10-05 23:27:34 UTC)" (scheduled at 2026-10-05 23:22:34.173878+00:00)
2026-10-06 01:22:34,184 | INFO     | apscheduler.executors.default | Job "job_node_health (trigger: interval[0:05:00], next run at: 2026-10-05 23:27:34 UTC)" executed successfully
2026-10-06 01:22:34,188 | INFO     | apscheduler.executors.default | Job "job_expire_subscriptions (trigger: interval[0:10:00], next run at: 2026-10-05 23:32:34 UTC)" executed successfully
2026-10-06 01:22:34,188 | INFO     | apscheduler.executors.default | Job "job_expire_orders (trigger: interval[0:05:00], next run at: 2026-10-05 23:27:34 UTC)" executed successfully
2026-10-06 01:24:34,176 | INFO     | apscheduler.executors.default | Running job "job_check_crypto (trigger: interval[0:02:00], next run at: 2026-10-05 23:26:34 UTC)" (scheduled at 2026-10-05 23:24:34.173828+00:00)
2026-10-06 01:24:34,177 | INFO     | apscheduler.executors.default | Job "job_check_crypto (trigger: interval[0:02:00], next run at: 2026-10-05 23:26:34 UTC)" executed successfully
2026-10-06 01:26:34,174 | INFO     | apscheduler.executors.default | Running job "job_check_crypto (trigger: interval[0:02:00], next run at: 2026-10-05 23:28:34 UTC)" (scheduled at 2026-10-05 23:26:34.173828+00:00)
2026-10-06 01:26:34,175 | INFO     | apscheduler.executors.default | Job "job_check_crypto (trigger: interval[0:02:00], next run at: 2026-10-05 23:28:34 UTC)" executed successfully
2026-10-06 01:27:34,174 | INFO     | apscheduler.executors.default | Running job "job_expire_orders (trigger: interval[0:05:00], next run at: 2026-10-05 23:32:34 UTC)" (scheduled at 2026-10-05 23:27:34.173797+00:00)
2026-10-06 01:27:34,182 | INFO     | apscheduler.executors.default | Running job "job_autopay (trigger: interval[0:05:00], next run at: 2026-10-05 23:32:34 UTC)" (scheduled at 2026-10-05 23:27:34.173855+00:00)
2026-10-06 01:27:34,184 | INFO     | apscheduler.executors.default | Job "job_autopay (trigger: interval[0:05:00], next run at: 2026-10-05 23:32:34 UTC)" executed successfully
2026-10-06 01:27:34,186 | INFO     | apscheduler.executors.default | Running job "job_node_health (trigger: interval[0:05:00], next run at: 2026-10-05 23:32:34 UTC)" (scheduled at 2026-10-05 23:27:34.173878+00:00)
2026-10-06 01:27:34,188 | INFO     | apscheduler.executors.default | Job "job_node_health (trigger: interval[0:05:00], next run at: 2026-10-05 23:32:34 UTC)" executed successfully
2026-10-06 01:27:34,192 | INFO     | apscheduler.executors.default | Job "job_expire_orders (trigger: interval[0:05:00], next run at: 2026-10-05 23:32:34 UTC)" executed successfully
2026-10-06 01:28:34,176 | INFO     | apscheduler.executors.default | Running job "job_check_crypto (trigger: interval[0:02:00], next run at: 2026-10-05 23:30:34 UTC)" (scheduled at 2026-10-05 23:28:34.173828+00:00)
2026-10-06 01:28:34,176 | INFO     | apscheduler.executors.default | Job "job_check_crypto (trigger: interval[0:02:00], next run at: 2026-10-05 23:30:34 UTC)" executed successfully
2026-10-06 01:30:34,176 | INFO     | apscheduler.executors.default | Running job "job_check_crypto (trigger: interval[0:02:00], next run at: 2026-10-05 23:32:34 UTC)" (scheduled at 2026-10-05 23:30:34.173828+00:00)
2026-10-06 01:30:34,178 | INFO     | apscheduler.executors.default | Job "job_check_crypto (trigger: interval[0:02:00], next run at: 2026-10-05 23:32:34 UTC)" executed successfully
2026-10-06 01:32:34,176 | INFO     | apscheduler.executors.default | Running job "job_expire_subscriptions (trigger: interval[0:10:00], next run at: 2026-10-05 23:42:34 UTC)" (scheduled at 2026-10-05 23:32:34.173696+00:00)
2026-10-06 01:32:34,182 | INFO     | apscheduler.executors.default | Running job "job_expire_orders (trigger: interval[0:05:00], next run at: 2026-10-05 23:37:34 UTC)" (scheduled at 2026-10-05 23:32:34.173797+00:00)
2026-10-06 01:32:34,183 | INFO     | apscheduler.executors.default | Running job "job_check_crypto (trigger: interval[0:02:00], next run at: 2026-10-05 23:34:34 UTC)" (scheduled at 2026-10-05 23:32:34.173828+00:00)
2026-10-06 01:32:34,183 | INFO     | apscheduler.executors.default | Job "job_check_crypto (trigger: interval[0:02:00], next run at: 2026-10-05 23:34:34 UTC)" executed successfully
2026-10-06 01:32:34,183 | INFO     | apscheduler.executors.default | Running job "job_autopay (trigger: interval[0:05:00], next run at: 2026-10-05 23:37:34 UTC)" (scheduled at 2026-10-05 23:32:34.173855+00:00)
2026-10-06 01:32:34,184 | INFO     | apscheduler.executors.default | Job "job_autopay (trigger: interval[0:05:00], next run at: 2026-10-05 23:37:34 UTC)" executed successfully
2026-10-06 01:32:34,184 | INFO     | apscheduler.executors.default | Running job "job_node_health (trigger: interval[0:05:00], next run at: 2026-10-05 23:37:34 UTC)" (scheduled at 2026-10-05 23:32:34.173878+00:00)
2026-10-06 01:32:34,184 | INFO     | apscheduler.executors.default | Job "job_node_health (trigger: interval[0:05:00], next run at: 2026-10-05 23:37:34 UTC)" executed successfully
2026-10-06 01:32:34,187 | INFO     | apscheduler.executors.default | Job "job_expire_orders (trigger: interval[0:05:00], next run at: 2026-10-05 23:37:34 UTC)" executed successfully
2026-10-06 01:32:34,187 | INFO     | apscheduler.executors.default | Job "job_expire_subscriptions (trigger: interval[0:10:00], next run at: 2026-10-05 23:42:34 UTC)" executed successfully
2026-10-06 01:34:34,175 | INFO     | apscheduler.executors.default | Running job "job_check_crypto (trigger: interval[0:02:00], next run at: 2026-10-05 23:36:34 UTC)" (scheduled at 2026-10-05 23:34:34.173828+00:00)
2026-10-06 01:34:34,178 | INFO     | apscheduler.executors.default | Job "job_check_crypto (trigger: interval[0:02:00], next run at: 2026-10-05 23:36:34 UTC)" executed successfully
2026-10-06 01:36:34,176 | INFO     | apscheduler.executors.default | Running job "job_check_crypto (trigger: interval[0:02:00], next run at: 2026-10-05 23:38:34 UTC)" (scheduled at 2026-10-05 23:36:34.173828+00:00)
2026-10-06 01:36:34,177 | INFO     | apscheduler.executors.default | Job "job_check_crypto (trigger: interval[0:02:00], next run at: 2026-10-05 23:38:34 UTC)" executed successfully
2026-10-06 01:37:34,176 | INFO     | apscheduler.executors.default | Running job "job_expire_orders (trigger: interval[0:05:00], next run at: 2026-10-05 23:42:34 UTC)" (scheduled at 2026-10-05 23:37:34.173797+00:00)
2026-10-06 01:37:34,182 | INFO     | apscheduler.executors.default | Running job "job_autopay (trigger: interval[0:05:00], next run at: 2026-10-05 23:42:34 UTC)" (scheduled at 2026-10-05 23:37:34.173855+00:00)
2026-10-06 01:37:34,182 | INFO     | apscheduler.executors.default | Job "job_autopay (trigger: interval[0:05:00], next run at: 2026-10-05 23:42:34 UTC)" executed successfully
2026-10-06 01:37:34,183 | INFO     | apscheduler.executors.default | Running job "job_node_health (trigger: interval[0:05:00], next run at: 2026-10-05 23:42:34 UTC)" (scheduled at 2026-10-05 23:37:34.173878+00:00)
2026-10-06 01:37:34,183 | INFO     | apscheduler.executors.default | Job "job_node_health (trigger: interval[0:05:00], next run at: 2026-10-05 23:42:34 UTC)" executed successfully
2026-10-06 01:37:34,186 | INFO     | apscheduler.executors.default | Job "job_expire_orders (trigger: interval[0:05:00], next run at: 2026-10-05 23:42:34 UTC)" executed successfully
2026-10-06 01:38:34,176 | INFO     | apscheduler.executors.default | Running job "job_check_crypto (trigger: interval[0:02:00], next run at: 2026-10-05 23:40:34 UTC)" (scheduled at 2026-10-05 23:38:34.173828+00:00)
2026-10-06 01:38:34,177 | INFO     | apscheduler.executors.default | Job "job_check_crypto (trigger: interval[0:02:00], next run at: 2026-10-05 23:40:34 UTC)" executed successfully
2026-10-06 01:40:34,176 | INFO     | apscheduler.executors.default | Running job "job_check_crypto (trigger: interval[0:02:00], next run at: 2026-10-05 23:42:34 UTC)" (scheduled at 2026-10-05 23:40:34.173828+00:00)
2026-10-06 01:40:34,177 | INFO     | apscheduler.executors.default | Job "job_check_crypto (trigger: interval[0:02:00], next run at: 2026-10-05 23:42:34 UTC)" executed successfully
2026-10-06 01:42:34,176 | INFO     | apscheduler.executors.default | Running job "job_expire_subscriptions (trigger: interval[0:10:00], next run at: 2026-10-05 23:52:34 UTC)" (scheduled at 2026-10-05 23:42:34.173696+00:00)
2026-10-06 01:42:34,182 | INFO     | apscheduler.executors.default | Running job "job_expire_orders (trigger: interval[0:05:00], next run at: 2026-10-05 23:47:34 UTC)" (scheduled at 2026-10-05 23:42:34.173797+00:00)
2026-10-06 01:42:34,183 | INFO     | apscheduler.executors.default | Running job "job_check_crypto (trigger: interval[0:02:00], next run at: 2026-10-05 23:44:34 UTC)" (scheduled at 2026-10-05 23:42:34.173828+00:00)
2026-10-06 01:42:34,183 | INFO     | apscheduler.executors.default | Job "job_check_crypto (trigger: interval[0:02:00], next run at: 2026-10-05 23:44:34 UTC)" executed successfully
2026-10-06 01:42:34,183 | INFO     | apscheduler.executors.default | Running job "job_autopay (trigger: interval[0:05:00], next run at: 2026-10-05 23:47:34 UTC)" (scheduled at 2026-10-05 23:42:34.173855+00:00)
2026-10-06 01:42:34,184 | INFO     | apscheduler.executors.default | Job "job_autopay (trigger: interval[0:05:00], next run at: 2026-10-05 23:47:34 UTC)" executed successfully
2026-10-06 01:42:34,184 | INFO     | apscheduler.executors.default | Running job "job_node_health (trigger: interval[0:05:00], next run at: 2026-10-05 23:47:34 UTC)" (scheduled at 2026-10-05 23:42:34.173878+00:00)
2026-10-06 01:42:34,184 | INFO     | apscheduler.executors.default | Job "job_node_health (trigger: interval[0:05:00], next run at: 2026-10-05 23:47:34 UTC)" executed successfully
2026-10-06 01:42:34,187 | INFO     | apscheduler.executors.default | Job "job_expire_subscriptions (trigger: interval[0:10:00], next run at: 2026-10-05 23:52:34 UTC)" executed successfully
2026-10-06 01:42:34,187 | INFO     | apscheduler.executors.default | Job "job_expire_orders (trigger: interval[0:05:00], next run at: 2026-10-05 23:47:34 UTC)" executed successfully
2026-10-06 01:44:34,176 | INFO     | apscheduler.executors.default | Running job "job_check_crypto (trigger: interval[0:02:00], next run at: 2026-10-05 23:46:34 UTC)" (scheduled at 2026-10-05 23:44:34.173828+00:00)
2026-10-06 01:44:34,177 | INFO     | apscheduler.executors.default | Job "job_check_crypto (trigger: interval[0:02:00], next run at: 2026-10-05 23:46:34 UTC)" executed successfully
2026-10-06 01:46:34,176 | INFO     | apscheduler.executors.default | Running job "job_check_crypto (trigger: interval[0:02:00], next run at: 2026-10-05 23:48:34 UTC)" (scheduled at 2026-10-05 23:46:34.173828+00:00)
2026-10-06 01:46:34,177 | INFO     | apscheduler.executors.default | Job "job_check_crypto (trigger: interval[0:02:00], next run at: 2026-10-05 23:48:34 UTC)" executed successfully
2026-10-06 01:47:34,176 | INFO     | apscheduler.executors.default | Running job "job_expire_orders (trigger: interval[0:05:00], next run at: 2026-10-05 23:52:34 UTC)" (scheduled at 2026-10-05 23:47:34.173797+00:00)
2026-10-06 01:47:34,181 | INFO     | apscheduler.executors.default | Running job "job_autopay (trigger: interval[0:05:00], next run at: 2026-10-05 23:52:34 UTC)" (scheduled at 2026-10-05 23:47:34.173855+00:00)
2026-10-06 01:47:34,182 | INFO     | apscheduler.executors.default | Job "job_autopay (trigger: interval[0:05:00], next run at: 2026-10-05 23:52:34 UTC)" executed successfully
2026-10-06 01:47:34,182 | INFO     | apscheduler.executors.default | Running job "job_node_health (trigger: interval[0:05:00], next run at: 2026-10-05 23:52:34 UTC)" (scheduled at 2026-10-05 23:47:34.173878+00:00)
2026-10-06 01:47:34,182 | INFO     | apscheduler.executors.default | Job "job_node_health (trigger: interval[0:05:00], next run at: 2026-10-05 23:52:34 UTC)" executed successfully
2026-10-06 01:47:34,184 | INFO     | apscheduler.executors.default | Job "job_expire_orders (trigger: interval[0:05:00], next run at: 2026-10-05 23:52:34 UTC)" executed successfully
2026-10-06 01:48:34,176 | INFO     | apscheduler.executors.default | Running job "job_check_crypto (trigger: interval[0:02:00], next run at: 2026-10-05 23:50:34 UTC)" (scheduled at 2026-10-05 23:48:34.173828+00:00)
2026-10-06 01:48:34,176 | INFO     | apscheduler.executors.default | Job "job_check_crypto (trigger: interval[0:02:00], next run at: 2026-10-05 23:50:34 UTC)" executed successfully
2026-10-06 01:50:34,176 | INFO     | apscheduler.executors.default | Running job "job_check_crypto (trigger: interval[0:02:00], next run at: 2026-10-05 23:52:34 UTC)" (scheduled at 2026-10-05 23:50:34.173828+00:00)
2026-10-06 01:50:34,179 | INFO     | apscheduler.executors.default | Job "job_check_crypto (trigger: interval[0:02:00], next run at: 2026-10-05 23:52:34 UTC)" executed successfully
2026-10-06 01:52:34,176 | INFO     | apscheduler.executors.default | Running job "job_expire_subscriptions (trigger: interval[0:10:00], next run at: 2026-10-06 00:02:34 UTC)" (scheduled at 2026-10-05 23:52:34.173696+00:00)
2026-10-06 01:52:34,183 | INFO     | apscheduler.executors.default | Running job "job_expire_orders (trigger: interval[0:05:00], next run at: 2026-10-05 23:57:34 UTC)" (scheduled at 2026-10-05 23:52:34.173797+00:00)
2026-10-06 01:52:34,184 | INFO     | apscheduler.executors.default | Running job "job_check_crypto (trigger: interval[0:02:00], next run at: 2026-10-05 23:54:34 UTC)" (scheduled at 2026-10-05 23:52:34.173828+00:00)
2026-10-06 01:52:34,184 | INFO     | apscheduler.executors.default | Job "job_check_crypto (trigger: interval[0:02:00], next run at: 2026-10-05 23:54:34 UTC)" executed successfully
2026-10-06 01:52:34,184 | INFO     | apscheduler.executors.default | Running job "job_autopay (trigger: interval[0:05:00], next run at: 2026-10-05 23:57:34 UTC)" (scheduled at 2026-10-05 23:52:34.173855+00:00)
2026-10-06 01:52:34,185 | INFO     | apscheduler.executors.default | Job "job_autopay (trigger: interval[0:05:00], next run at: 2026-10-05 23:57:34 UTC)" executed successfully
2026-10-06 01:52:34,185 | INFO     | apscheduler.executors.default | Running job "job_node_health (trigger: interval[0:05:00], next run at: 2026-10-05 23:57:34 UTC)" (scheduled at 2026-10-05 23:52:34.173878+00:00)
2026-10-06 01:52:34,185 | INFO     | apscheduler.executors.default | Job "job_node_health (trigger: interval[0:05:00], next run at: 2026-10-05 23:57:34 UTC)" executed successfully
2026-10-06 01:52:34,189 | INFO     | apscheduler.executors.default | Job "job_expire_orders (trigger: interval[0:05:00], next run at: 2026-10-05 23:57:34 UTC)" executed successfully
2026-10-06 01:52:34,189 | INFO     | apscheduler.executors.default | Job "job_expire_subscriptions (trigger: interval[0:10:00], next run at: 2026-10-06 00:02:34 UTC)" executed successfully
2026-10-06 01:54:34,176 | INFO     | apscheduler.executors.default | Running job "job_check_crypto (trigger: interval[0:02:00], next run at: 2026-10-05 23:56:34 UTC)" (scheduled at 2026-10-05 23:54:34.173828+00:00)
2026-10-06 01:54:34,177 | INFO     | apscheduler.executors.default | Job "job_check_crypto (trigger: interval[0:02:00], next run at: 2026-10-05 23:56:34 UTC)" executed successfully
2026-10-06 01:56:34,176 | INFO     | apscheduler.executors.default | Running job "job_check_crypto (trigger: interval[0:02:00], next run at: 2026-10-05 23:58:34 UTC)" (scheduled at 2026-10-05 23:56:34.173828+00:00)
2026-10-06 01:56:34,177 | INFO     | apscheduler.executors.default | Job "job_check_crypto (trigger: interval[0:02:00], next run at: 2026-10-05 23:58:34 UTC)" executed successfully
2026-10-06 01:57:34,176 | INFO     | apscheduler.executors.default | Running job "job_expire_orders (trigger: interval[0:05:00], next run at: 2026-10-06 00:02:34 UTC)" (scheduled at 2026-10-05 23:57:34.173797+00:00)
2026-10-06 01:57:34,177 | INFO     | apscheduler.executors.default | Running job "job_autopay (trigger: interval[0:05:00], next run at: 2026-10-06 00:02:34 UTC)" (scheduled at 2026-10-05 23:57:34.173855+00:00)
2026-10-06 01:57:34,178 | INFO     | apscheduler.executors.default | Job "job_autopay (trigger: interval[0:05:00], next run at: 2026-10-06 00:02:34 UTC)" executed successfully
2026-10-06 01:57:34,178 | INFO     | apscheduler.executors.default | Running job "job_node_health (trigger: interval[0:05:00], next run at: 2026-10-06 00:02:34 UTC)" (scheduled at 2026-10-05 23:57:34.173878+00:00)
2026-10-06 01:57:34,178 | INFO     | apscheduler.executors.default | Job "job_node_health (trigger: interval[0:05:00], next run at: 2026-10-06 00:02:34 UTC)" executed successfully
2026-10-06 01:57:34,179 | INFO     | apscheduler.executors.default | Job "job_expire_orders (trigger: interval[0:05:00], next run at: 2026-10-06 00:02:34 UTC)" executed successfully
2026-10-06 01:58:34,175 | INFO     | apscheduler.executors.default | Running job "job_check_crypto (trigger: interval[0:02:00], next run at: 2026-10-06 00:00:34 UTC)" (scheduled at 2026-10-05 23:58:34.173828+00:00)
2026-10-06 01:58:34,176 | INFO     | apscheduler.executors.default | Job "job_check_crypto (trigger: interval[0:02:00], next run at: 2026-10-06 00:00:34 UTC)" executed successfully
2026-10-06 02:00:34,176 | INFO     | apscheduler.executors.default | Running job "job_check_crypto (trigger: interval[0:02:00], next run at: 2026-10-06 00:02:34 UTC)" (scheduled at 2026-10-06 00:00:34.173828+00:00)
2026-10-06 02:00:34,178 | INFO     | apscheduler.executors.default | Job "job_check_crypto (trigger: interval[0:02:00], next run at: 2026-10-06 00:02:34 UTC)" executed successfully
2026-10-06 02:02:34,177 | INFO     | apscheduler.executors.default | Running job "job_expire_subscriptions (trigger: interval[0:10:00], next run at: 2026-10-06 00:12:34 UTC)" (scheduled at 2026-10-06 00:02:34.173696+00:00)
2026-10-06 02:02:34,182 | INFO     | apscheduler.executors.default | Running job "job_reminders (trigger: interval[1:00:00], next run at: 2026-10-06 01:02:34 UTC)" (scheduled at 2026-10-06 00:02:34.173759+00:00)
2026-10-06 02:02:34,183 | INFO     | apscheduler.executors.default | Running job "job_expire_orders (trigger: interval[0:05:00], next run at: 2026-10-06 00:07:34 UTC)" (scheduled at 2026-10-06 00:02:34.173797+00:00)
2026-10-06 02:02:34,184 | INFO     | apscheduler.executors.default | Running job "job_check_crypto (trigger: interval[0:02:00], next run at: 2026-10-06 00:04:34 UTC)" (scheduled at 2026-10-06 00:02:34.173828+00:00)
2026-10-06 02:02:34,184 | INFO     | apscheduler.executors.default | Job "job_check_crypto (trigger: interval[0:02:00], next run at: 2026-10-06 00:04:34 UTC)" executed successfully
2026-10-06 02:02:34,184 | INFO     | apscheduler.executors.default | Running job "job_autopay (trigger: interval[0:05:00], next run at: 2026-10-06 00:07:34 UTC)" (scheduled at 2026-10-06 00:02:34.173855+00:00)
2026-10-06 02:02:34,185 | INFO     | apscheduler.executors.default | Job "job_autopay (trigger: interval[0:05:00], next run at: 2026-10-06 00:07:34 UTC)" executed successfully
2026-10-06 02:02:34,185 | INFO     | apscheduler.executors.default | Running job "job_node_health (trigger: interval[0:05:00], next run at: 2026-10-06 00:07:34 UTC)" (scheduled at 2026-10-06 00:02:34.173878+00:00)
2026-10-06 02:02:34,185 | INFO     | apscheduler.executors.default | Job "job_node_health (trigger: interval[0:05:00], next run at: 2026-10-06 00:07:34 UTC)" executed successfully
2026-10-06 02:02:34,189 | INFO     | apscheduler.executors.default | Job "job_expire_orders (trigger: interval[0:05:00], next run at: 2026-10-06 00:07:34 UTC)" executed successfully
2026-10-06 02:02:34,189 | INFO     | apscheduler.executors.default | Job "job_expire_subscriptions (trigger: interval[0:10:00], next run at: 2026-10-06 00:12:34 UTC)" executed successfully
2026-10-06 02:02:34,190 | INFO     | apscheduler.executors.default | Job "job_reminders (trigger: interval[1:00:00], next run at: 2026-10-06 01:02:34 UTC)" executed successfully
2026-10-06 02:04:34,174 | INFO     | apscheduler.executors.default | Running job "job_check_crypto (trigger: interval[0:02:00], next run at: 2026-10-06 00:06:34 UTC)" (scheduled at 2026-10-06 00:04:34.173828+00:00)
2026-10-06 02:04:34,175 | INFO     | apscheduler.executors.default | Job "job_check_crypto (trigger: interval[0:02:00], next run at: 2026-10-06 00:06:34 UTC)" executed successfully
2026-10-06 02:06:34,176 | INFO     | apscheduler.executors.default | Running job "job_check_crypto (trigger: interval[0:02:00], next run at: 2026-10-06 00:08:34 UTC)" (scheduled at 2026-10-06 00:06:34.173828+00:00)
2026-10-06 02:06:34,177 | INFO     | apscheduler.executors.default | Job "job_check_crypto (trigger: interval[0:02:00], next run at: 2026-10-06 00:08:34 UTC)" executed successfully
2026-10-06 02:07:34,174 | INFO     | apscheduler.executors.default | Running job "job_expire_orders (trigger: interval[0:05:00], next run at: 2026-10-06 00:12:34 UTC)" (scheduled at 2026-10-06 00:07:34.173797+00:00)
2026-10-06 02:07:34,181 | INFO     | apscheduler.executors.default | Running job "job_autopay (trigger: interval[0:05:00], next run at: 2026-10-06 00:12:34 UTC)" (scheduled at 2026-10-06 00:07:34.173855+00:00)
2026-10-06 02:07:34,181 | INFO     | apscheduler.executors.default | Job "job_autopay (trigger: interval[0:05:00], next run at: 2026-10-06 00:12:34 UTC)" executed successfully
2026-10-06 02:07:34,181 | INFO     | apscheduler.executors.default | Running job "job_node_health (trigger: interval[0:05:00], next run at: 2026-10-06 00:12:34 UTC)" (scheduled at 2026-10-06 00:07:34.173878+00:00)
2026-10-06 02:07:34,182 | INFO     | apscheduler.executors.default | Job "job_node_health (trigger: interval[0:05:00], next run at: 2026-10-06 00:12:34 UTC)" executed successfully
2026-10-06 02:07:34,185 | INFO     | apscheduler.executors.default | Job "job_expire_orders (trigger: interval[0:05:00], next run at: 2026-10-06 00:12:34 UTC)" executed successfully
2026-10-06 02:08:34,176 | INFO     | apscheduler.executors.default | Running job "job_check_crypto (trigger: interval[0:02:00], next run at: 2026-10-06 00:10:34 UTC)" (scheduled at 2026-10-06 00:08:34.173828+00:00)
2026-10-06 02:08:34,177 | INFO     | apscheduler.executors.default | Job "job_check_crypto (trigger: interval[0:02:00], next run at: 2026-10-06 00:10:34 UTC)" executed successfully
2026-10-06 02:10:34,175 | INFO     | apscheduler.executors.default | Running job "job_check_crypto (trigger: interval[0:02:00], next run at: 2026-10-06 00:12:34 UTC)" (scheduled at 2026-10-06 00:10:34.173828+00:00)
2026-10-06 02:10:34,176 | INFO     | apscheduler.executors.default | Job "job_check_crypto (trigger: interval[0:02:00], next run at: 2026-10-06 00:12:34 UTC)" executed successfully
2026-10-06 02:12:34,176 | INFO     | apscheduler.executors.default | Running job "job_expire_subscriptions (trigger: interval[0:10:00], next run at: 2026-10-06 00:22:34 UTC)" (scheduled at 2026-10-06 00:12:34.173696+00:00)
2026-10-06 02:12:34,182 | INFO     | apscheduler.executors.default | Running job "job_expire_orders (trigger: interval[0:05:00], next run at: 2026-10-06 00:17:34 UTC)" (scheduled at 2026-10-06 00:12:34.173797+00:00)
2026-10-06 02:12:34,183 | INFO     | apscheduler.executors.default | Running job "job_check_crypto (trigger: interval[0:02:00], next run at: 2026-10-06 00:14:34 UTC)" (scheduled at 2026-10-06 00:12:34.173828+00:00)
2026-10-06 02:12:34,183 | INFO     | apscheduler.executors.default | Job "job_check_crypto (trigger: interval[0:02:00], next run at: 2026-10-06 00:14:34 UTC)" executed successfully
2026-10-06 02:12:34,183 | INFO     | apscheduler.executors.default | Running job "job_autopay (trigger: interval[0:05:00], next run at: 2026-10-06 00:17:34 UTC)" (scheduled at 2026-10-06 00:12:34.173855+00:00)
2026-10-06 02:12:34,183 | INFO     | apscheduler.executors.default | Job "job_autopay (trigger: interval[0:05:00], next run at: 2026-10-06 00:17:34 UTC)" executed successfully
2026-10-06 02:12:34,183 | INFO     | apscheduler.executors.default | Running job "job_node_health (trigger: interval[0:05:00], next run at: 2026-10-06 00:17:34 UTC)" (scheduled at 2026-10-06 00:12:34.173878+00:00)
2026-10-06 02:12:34,183 | INFO     | apscheduler.executors.default | Job "job_node_health (trigger: interval[0:05:00], next run at: 2026-10-06 00:17:34 UTC)" executed successfully
2026-10-06 02:12:34,187 | INFO     | apscheduler.executors.default | Job "job_expire_subscriptions (trigger: interval[0:10:00], next run at: 2026-10-06 00:22:34 UTC)" executed successfully
2026-10-06 02:12:34,187 | INFO     | apscheduler.executors.default | Job "job_expire_orders (trigger: interval[0:05:00], next run at: 2026-10-06 00:17:34 UTC)" executed successfully
2026-10-06 02:14:34,176 | INFO     | apscheduler.executors.default | Running job "job_check_crypto (trigger: interval[0:02:00], next run at: 2026-10-06 00:16:34 UTC)" (scheduled at 2026-10-06 00:14:34.173828+00:00)
2026-10-06 02:14:34,177 | INFO     | apscheduler.executors.default | Job "job_check_crypto (trigger: interval[0:02:00], next run at: 2026-10-06 00:16:34 UTC)" executed successfully
2026-10-06 02:16:34,175 | INFO     | apscheduler.executors.default | Running job "job_check_crypto (trigger: interval[0:02:00], next run at: 2026-10-06 00:18:34 UTC)" (scheduled at 2026-10-06 00:16:34.173828+00:00)
2026-10-06 02:16:34,176 | INFO     | apscheduler.executors.default | Job "job_check_crypto (trigger: interval[0:02:00], next run at: 2026-10-06 00:18:34 UTC)" executed successfully
2026-10-06 02:17:34,176 | INFO     | apscheduler.executors.default | Running job "job_expire_orders (trigger: interval[0:05:00], next run at: 2026-10-06 00:22:34 UTC)" (scheduled at 2026-10-06 00:17:34.173797+00:00)
2026-10-06 02:17:34,182 | INFO     | apscheduler.executors.default | Running job "job_autopay (trigger: interval[0:05:00], next run at: 2026-10-06 00:22:34 UTC)" (scheduled at 2026-10-06 00:17:34.173855+00:00)
2026-10-06 02:17:34,182 | INFO     | apscheduler.executors.default | Job "job_autopay (trigger: interval[0:05:00], next run at: 2026-10-06 00:22:34 UTC)" executed successfully
2026-10-06 02:17:34,182 | INFO     | apscheduler.executors.default | Running job "job_node_health (trigger: interval[0:05:00], next run at: 2026-10-06 00:22:34 UTC)" (scheduled at 2026-10-06 00:17:34.173878+00:00)
2026-10-06 02:17:34,182 | INFO     | apscheduler.executors.default | Job "job_node_health (trigger: interval[0:05:00], next run at: 2026-10-06 00:22:34 UTC)" executed successfully
2026-10-06 02:17:34,186 | INFO     | apscheduler.executors.default | Job "job_expire_orders (trigger: interval[0:05:00], next run at: 2026-10-06 00:22:34 UTC)" executed successfully
2026-10-06 02:18:34,175 | INFO     | apscheduler.executors.default | Running job "job_check_crypto (trigger: interval[0:02:00], next run at: 2026-10-06 00:20:34 UTC)" (scheduled at 2026-10-06 00:18:34.173828+00:00)
2026-10-06 02:18:34,176 | INFO     | apscheduler.executors.default | Job "job_check_crypto (trigger: interval[0:02:00], next run at: 2026-10-06 00:20:34 UTC)" executed successfully
2026-10-06 02:20:34,175 | INFO     | apscheduler.executors.default | Running job "job_check_crypto (trigger: interval[0:02:00], next run at: 2026-10-06 00:22:34 UTC)" (scheduled at 2026-10-06 00:20:34.173828+00:00)
2026-10-06 02:20:34,177 | INFO     | apscheduler.executors.default | Job "job_check_crypto (trigger: interval[0:02:00], next run at: 2026-10-06 00:22:34 UTC)" executed successfully
2026-10-06 02:22:34,175 | INFO     | apscheduler.executors.default | Running job "job_expire_subscriptions (trigger: interval[0:10:00], next run at: 2026-10-06 00:32:34 UTC)" (scheduled at 2026-10-06 00:22:34.173696+00:00)
2026-10-06 02:22:34,182 | INFO     | apscheduler.executors.default | Running job "job_expire_orders (trigger: interval[0:05:00], next run at: 2026-10-06 00:27:34 UTC)" (scheduled at 2026-10-06 00:22:34.173797+00:00)
2026-10-06 02:22:34,183 | INFO     | apscheduler.executors.default | Running job "job_check_crypto (trigger: interval[0:02:00], next run at: 2026-10-06 00:24:34 UTC)" (scheduled at 2026-10-06 00:22:34.173828+00:00)
2026-10-06 02:22:34,183 | INFO     | apscheduler.executors.default | Job "job_check_crypto (trigger: interval[0:02:00], next run at: 2026-10-06 00:24:34 UTC)" executed successfully
2026-10-06 02:22:34,183 | INFO     | apscheduler.executors.default | Running job "job_autopay (trigger: interval[0:05:00], next run at: 2026-10-06 00:27:34 UTC)" (scheduled at 2026-10-06 00:22:34.173855+00:00)
2026-10-06 02:22:34,183 | INFO     | apscheduler.executors.default | Job "job_autopay (trigger: interval[0:05:00], next run at: 2026-10-06 00:27:34 UTC)" executed successfully
2026-10-06 02:22:34,183 | INFO     | apscheduler.executors.default | Running job "job_node_health (trigger: interval[0:05:00], next run at: 2026-10-06 00:27:34 UTC)" (scheduled at 2026-10-06 00:22:34.173878+00:00)
2026-10-06 02:22:34,183 | INFO     | apscheduler.executors.default | Job "job_node_health (trigger: interval[0:05:00], next run at: 2026-10-06 00:27:34 UTC)" executed successfully
2026-10-06 02:22:34,187 | INFO     | apscheduler.executors.default | Job "job_expire_subscriptions (trigger: interval[0:10:00], next run at: 2026-10-06 00:32:34 UTC)" executed successfully
2026-10-06 02:22:34,188 | INFO     | apscheduler.executors.default | Job "job_expire_orders (trigger: interval[0:05:00], next run at: 2026-10-06 00:27:34 UTC)" executed successfully
2026-10-06 02:24:34,176 | INFO     | apscheduler.executors.default | Running job "job_check_crypto (trigger: interval[0:02:00], next run at: 2026-10-06 00:26:34 UTC)" (scheduled at 2026-10-06 00:24:34.173828+00:00)
2026-10-06 02:24:34,177 | INFO     | apscheduler.executors.default | Job "job_check_crypto (trigger: interval[0:02:00], next run at: 2026-10-06 00:26:34 UTC)" executed successfully
2026-10-06 02:26:34,176 | INFO     | apscheduler.executors.default | Running job "job_check_crypto (trigger: interval[0:02:00], next run at: 2026-10-06 00:28:34 UTC)" (scheduled at 2026-10-06 00:26:34.173828+00:00)
2026-10-06 02:26:34,177 | INFO     | apscheduler.executors.default | Job "job_check_crypto (trigger: interval[0:02:00], next run at: 2026-10-06 00:28:34 UTC)" executed successfully
2026-10-06 02:27:34,176 | INFO     | apscheduler.executors.default | Running job "job_expire_orders (trigger: interval[0:05:00], next run at: 2026-10-06 00:32:34 UTC)" (scheduled at 2026-10-06 00:27:34.173797+00:00)
2026-10-06 02:27:34,182 | INFO     | apscheduler.executors.default | Running job "job_autopay (trigger: interval[0:05:00], next run at: 2026-10-06 00:32:34 UTC)" (scheduled at 2026-10-06 00:27:34.173855+00:00)
2026-10-06 02:27:34,183 | INFO     | apscheduler.executors.default | Job "job_autopay (trigger: interval[0:05:00], next run at: 2026-10-06 00:32:34 UTC)" executed successfully
2026-10-06 02:27:34,183 | INFO     | apscheduler.executors.default | Running job "job_node_health (trigger: interval[0:05:00], next run at: 2026-10-06 00:32:34 UTC)" (scheduled at 2026-10-06 00:27:34.173878+00:00)
2026-10-06 02:27:34,184 | INFO     | apscheduler.executors.default | Job "job_node_health (trigger: interval[0:05:00], next run at: 2026-10-06 00:32:34 UTC)" executed successfully
2026-10-06 02:27:34,187 | INFO     | apscheduler.executors.default | Job "job_expire_orders (trigger: interval[0:05:00], next run at: 2026-10-06 00:32:34 UTC)" executed successfully
2026-10-06 02:28:34,176 | INFO     | apscheduler.executors.default | Running job "job_check_crypto (trigger: interval[0:02:00], next run at: 2026-10-06 00:30:34 UTC)" (scheduled at 2026-10-06 00:28:34.173828+00:00)
2026-10-06 02:28:34,177 | INFO     | apscheduler.executors.default | Job "job_check_crypto (trigger: interval[0:02:00], next run at: 2026-10-06 00:30:34 UTC)" executed successfully
2026-10-06 02:30:34,176 | INFO     | apscheduler.executors.default | Running job "job_check_crypto (trigger: interval[0:02:00], next run at: 2026-10-06 00:32:34 UTC)" (scheduled at 2026-10-06 00:30:34.173828+00:00)
2026-10-06 02:30:34,176 | INFO     | apscheduler.executors.default | Job "job_check_crypto (trigger: interval[0:02:00], next run at: 2026-10-06 00:32:34 UTC)" executed successfully
2026-10-06 02:32:34,176 | INFO     | apscheduler.executors.default | Running job "job_expire_subscriptions (trigger: interval[0:10:00], next run at: 2026-10-06 00:42:34 UTC)" (scheduled at 2026-10-06 00:32:34.173696+00:00)
2026-10-06 02:32:34,183 | INFO     | apscheduler.executors.default | Running job "job_expire_orders (trigger: interval[0:05:00], next run at: 2026-10-06 00:37:34 UTC)" (scheduled at 2026-10-06 00:32:34.173797+00:00)
2026-10-06 02:32:34,184 | INFO     | apscheduler.executors.default | Running job "job_check_crypto (trigger: interval[0:02:00], next run at: 2026-10-06 00:34:34 UTC)" (scheduled at 2026-10-06 00:32:34.173828+00:00)
2026-10-06 02:32:34,184 | INFO     | apscheduler.executors.default | Job "job_check_crypto (trigger: interval[0:02:00], next run at: 2026-10-06 00:34:34 UTC)" executed successfully
2026-10-06 02:32:34,184 | INFO     | apscheduler.executors.default | Running job "job_autopay (trigger: interval[0:05:00], next run at: 2026-10-06 00:37:34 UTC)" (scheduled at 2026-10-06 00:32:34.173855+00:00)
2026-10-06 02:32:34,185 | INFO     | apscheduler.executors.default | Job "job_autopay (trigger: interval[0:05:00], next run at: 2026-10-06 00:37:34 UTC)" executed successfully
2026-10-06 02:32:34,185 | INFO     | apscheduler.executors.default | Running job "job_node_health (trigger: interval[0:05:00], next run at: 2026-10-06 00:37:34 UTC)" (scheduled at 2026-10-06 00:32:34.173878+00:00)
2026-10-06 02:32:34,185 | INFO     | apscheduler.executors.default | Job "job_node_health (trigger: interval[0:05:00], next run at: 2026-10-06 00:37:34 UTC)" executed successfully
2026-10-06 02:32:34,189 | INFO     | apscheduler.executors.default | Job "job_expire_subscriptions (trigger: interval[0:10:00], next run at: 2026-10-06 00:42:34 UTC)" executed successfully
2026-10-06 02:32:34,189 | INFO     | apscheduler.executors.default | Job "job_expire_orders (trigger: interval[0:05:00], next run at: 2026-10-06 00:37:34 UTC)" executed successfully
2026-10-06 02:34:34,174 | INFO     | apscheduler.executors.default | Running job "job_check_crypto (trigger: interval[0:02:00], next run at: 2026-10-06 00:36:34 UTC)" (scheduled at 2026-10-06 00:34:34.173828+00:00)
2026-10-06 02:34:34,175 | INFO     | apscheduler.executors.default | Job "job_check_crypto (trigger: interval[0:02:00], next run at: 2026-10-06 00:36:34 UTC)" executed successfully
2026-10-06 02:36:34,177 | INFO     | apscheduler.executors.default | Running job "job_check_crypto (trigger: interval[0:02:00], next run at: 2026-10-06 00:38:34 UTC)" (scheduled at 2026-10-06 00:36:34.173828+00:00)
2026-10-06 02:36:34,179 | INFO     | apscheduler.executors.default | Job "job_check_crypto (trigger: interval[0:02:00], next run at: 2026-10-06 00:38:34 UTC)" executed successfully
2026-10-06 02:37:34,176 | INFO     | apscheduler.executors.default | Running job "job_expire_orders (trigger: interval[0:05:00], next run at: 2026-10-06 00:42:34 UTC)" (scheduled at 2026-10-06 00:37:34.173797+00:00)
2026-10-06 02:37:34,182 | INFO     | apscheduler.executors.default | Running job "job_autopay (trigger: interval[0:05:00], next run at: 2026-10-06 00:42:34 UTC)" (scheduled at 2026-10-06 00:37:34.173855+00:00)
2026-10-06 02:37:34,182 | INFO     | apscheduler.executors.default | Job "job_autopay (trigger: interval[0:05:00], next run at: 2026-10-06 00:42:34 UTC)" executed successfully
2026-10-06 02:37:34,182 | INFO     | apscheduler.executors.default | Running job "job_node_health (trigger: interval[0:05:00], next run at: 2026-10-06 00:42:34 UTC)" (scheduled at 2026-10-06 00:37:34.173878+00:00)
2026-10-06 02:37:34,183 | INFO     | apscheduler.executors.default | Job "job_node_health (trigger: interval[0:05:00], next run at: 2026-10-06 00:42:34 UTC)" executed successfully
2026-10-06 02:37:34,185 | INFO     | apscheduler.executors.default | Job "job_expire_orders (trigger: interval[0:05:00], next run at: 2026-10-06 00:42:34 UTC)" executed successfully
2026-10-06 02:38:34,175 | INFO     | apscheduler.executors.default | Running job "job_check_crypto (trigger: interval[0:02:00], next run at: 2026-10-06 00:40:34 UTC)" (scheduled at 2026-10-06 00:38:34.173828+00:00)
2026-10-06 02:38:34,176 | INFO     | apscheduler.executors.default | Job "job_check_crypto (trigger: interval[0:02:00], next run at: 2026-10-06 00:40:34 UTC)" executed successfully
2026-10-06 02:40:34,177 | INFO     | apscheduler.executors.default | Running job "job_check_crypto (trigger: interval[0:02:00], next run at: 2026-10-06 00:42:34 UTC)" (scheduled at 2026-10-06 00:40:34.173828+00:00)
2026-10-06 02:40:34,178 | INFO     | apscheduler.executors.default | Job "job_check_crypto (trigger: interval[0:02:00], next run at: 2026-10-06 00:42:34 UTC)" executed successfully
2026-10-06 02:42:34,176 | INFO     | apscheduler.executors.default | Running job "job_expire_subscriptions (trigger: interval[0:10:00], next run at: 2026-10-06 00:52:34 UTC)" (scheduled at 2026-10-06 00:42:34.173696+00:00)
2026-10-06 02:42:34,181 | INFO     | apscheduler.executors.default | Running job "job_expire_orders (trigger: interval[0:05:00], next run at: 2026-10-06 00:47:34 UTC)" (scheduled at 2026-10-06 00:42:34.173797+00:00)
2026-10-06 02:42:34,182 | INFO     | apscheduler.executors.default | Running job "job_check_crypto (trigger: interval[0:02:00], next run at: 2026-10-06 00:44:34 UTC)" (scheduled at 2026-10-06 00:42:34.173828+00:00)
2026-10-06 02:42:34,182 | INFO     | apscheduler.executors.default | Job "job_check_crypto (trigger: interval[0:02:00], next run at: 2026-10-06 00:44:34 UTC)" executed successfully
2026-10-06 02:42:34,183 | INFO     | apscheduler.executors.default | Running job "job_autopay (trigger: interval[0:05:00], next run at: 2026-10-06 00:47:34 UTC)" (scheduled at 2026-10-06 00:42:34.173855+00:00)
2026-10-06 02:42:34,183 | INFO     | apscheduler.executors.default | Job "job_autopay (trigger: interval[0:05:00], next run at: 2026-10-06 00:47:34 UTC)" executed successfully
2026-10-06 02:42:34,183 | INFO     | apscheduler.executors.default | Running job "job_node_health (trigger: interval[0:05:00], next run at: 2026-10-06 00:47:34 UTC)" (scheduled at 2026-10-06 00:42:34.173878+00:00)
2026-10-06 02:42:34,183 | INFO     | apscheduler.executors.default | Job "job_node_health (trigger: interval[0:05:00], next run at: 2026-10-06 00:47:34 UTC)" executed successfully
2026-10-06 02:42:34,187 | INFO     | apscheduler.executors.default | Job "job_expire_subscriptions (trigger: interval[0:10:00], next run at: 2026-10-06 00:52:34 UTC)" executed successfully
2026-10-06 02:42:34,187 | INFO     | apscheduler.executors.default | Job "job_expire_orders (trigger: interval[0:05:00], next run at: 2026-10-06 00:47:34 UTC)" executed successfully
2026-10-06 02:44:34,176 | INFO     | apscheduler.executors.default | Running job "job_check_crypto (trigger: interval[0:02:00], next run at: 2026-10-06 00:46:34 UTC)" (scheduled at 2026-10-06 00:44:34.173828+00:00)
2026-10-06 02:44:34,177 | INFO     | apscheduler.executors.default | Job "job_check_crypto (trigger: interval[0:02:00], next run at: 2026-10-06 00:46:34 UTC)" executed successfully
2026-10-06 02:46:34,177 | INFO     | apscheduler.executors.default | Running job "job_check_crypto (trigger: interval[0:02:00], next run at: 2026-10-06 00:48:34 UTC)" (scheduled at 2026-10-06 00:46:34.173828+00:00)
2026-10-06 02:46:34,180 | INFO     | apscheduler.executors.default | Job "job_check_crypto (trigger: interval[0:02:00], next run at: 2026-10-06 00:48:34 UTC)" executed successfully
2026-10-06 02:47:34,176 | INFO     | apscheduler.executors.default | Running job "job_expire_orders (trigger: interval[0:05:00], next run at: 2026-10-06 00:52:34 UTC)" (scheduled at 2026-10-06 00:47:34.173797+00:00)
2026-10-06 02:47:34,183 | INFO     | apscheduler.executors.default | Running job "job_autopay (trigger: interval[0:05:00], next run at: 2026-10-06 00:52:34 UTC)" (scheduled at 2026-10-06 00:47:34.173855+00:00)
2026-10-06 02:47:34,183 | INFO     | apscheduler.executors.default | Job "job_autopay (trigger: interval[0:05:00], next run at: 2026-10-06 00:52:34 UTC)" executed successfully
2026-10-06 02:47:34,184 | INFO     | apscheduler.executors.default | Running job "job_node_health (trigger: interval[0:05:00], next run at: 2026-10-06 00:52:34 UTC)" (scheduled at 2026-10-06 00:47:34.173878+00:00)
2026-10-06 02:47:34,184 | INFO     | apscheduler.executors.default | Job "job_node_health (trigger: interval[0:05:00], next run at: 2026-10-06 00:52:34 UTC)" executed successfully
2026-10-06 02:47:34,187 | INFO     | apscheduler.executors.default | Job "job_expire_orders (trigger: interval[0:05:00], next run at: 2026-10-06 00:52:34 UTC)" executed successfully
2026-10-06 02:48:34,177 | INFO     | apscheduler.executors.default | Running job "job_check_crypto (trigger: interval[0:02:00], next run at: 2026-10-06 00:50:34 UTC)" (scheduled at 2026-10-06 00:48:34.173828+00:00)
2026-10-06 02:48:34,177 | INFO     | apscheduler.executors.default | Job "job_check_crypto (trigger: interval[0:02:00], next run at: 2026-10-06 00:50:34 UTC)" executed successfully
2026-10-06 02:50:34,176 | INFO     | apscheduler.executors.default | Running job "job_check_crypto (trigger: interval[0:02:00], next run at: 2026-10-06 00:52:34 UTC)" (scheduled at 2026-10-06 00:50:34.173828+00:00)
2026-10-06 02:50:34,177 | INFO     | apscheduler.executors.default | Job "job_check_crypto (trigger: interval[0:02:00], next run at: 2026-10-06 00:52:34 UTC)" executed successfully
2026-10-06 02:52:34,175 | INFO     | apscheduler.executors.default | Running job "job_expire_subscriptions (trigger: interval[0:10:00], next run at: 2026-10-06 01:02:34 UTC)" (scheduled at 2026-10-06 00:52:34.173696+00:00)
2026-10-06 02:52:34,185 | INFO     | apscheduler.executors.default | Running job "job_expire_orders (trigger: interval[0:05:00], next run at: 2026-10-06 00:57:34 UTC)" (scheduled at 2026-10-06 00:52:34.173797+00:00)
2026-10-06 02:52:34,186 | INFO     | apscheduler.executors.default | Running job "job_check_crypto (trigger: interval[0:02:00], next run at: 2026-10-06 00:54:34 UTC)" (scheduled at 2026-10-06 00:52:34.173828+00:00)
2026-10-06 02:52:34,186 | INFO     | apscheduler.executors.default | Job "job_check_crypto (trigger: interval[0:02:00], next run at: 2026-10-06 00:54:34 UTC)" executed successfully
2026-10-06 02:52:34,186 | INFO     | apscheduler.executors.default | Running job "job_autopay (trigger: interval[0:05:00], next run at: 2026-10-06 00:57:34 UTC)" (scheduled at 2026-10-06 00:52:34.173855+00:00)
2026-10-06 02:52:34,186 | INFO     | apscheduler.executors.default | Job "job_autopay (trigger: interval[0:05:00], next run at: 2026-10-06 00:57:34 UTC)" executed successfully
2026-10-06 02:52:34,186 | INFO     | apscheduler.executors.default | Running job "job_node_health (trigger: interval[0:05:00], next run at: 2026-10-06 00:57:34 UTC)" (scheduled at 2026-10-06 00:52:34.173878+00:00)
2026-10-06 02:52:34,187 | INFO     | apscheduler.executors.default | Job "job_node_health (trigger: interval[0:05:00], next run at: 2026-10-06 00:57:34 UTC)" executed successfully
2026-10-06 02:52:34,191 | INFO     | apscheduler.executors.default | Job "job_expire_subscriptions (trigger: interval[0:10:00], next run at: 2026-10-06 01:02:34 UTC)" executed successfully
2026-10-06 02:52:34,191 | INFO     | apscheduler.executors.default | Job "job_expire_orders (trigger: interval[0:05:00], next run at: 2026-10-06 00:57:34 UTC)" executed successfully
2026-10-06 02:54:34,174 | INFO     | apscheduler.executors.default | Running job "job_check_crypto (trigger: interval[0:02:00], next run at: 2026-10-06 00:56:34 UTC)" (scheduled at 2026-10-06 00:54:34.173828+00:00)
2026-10-06 02:54:34,175 | INFO     | apscheduler.executors.default | Job "job_check_crypto (trigger: interval[0:02:00], next run at: 2026-10-06 00:56:34 UTC)" executed successfully
2026-10-06 02:56:34,176 | INFO     | apscheduler.executors.default | Running job "job_check_crypto (trigger: interval[0:02:00], next run at: 2026-10-06 00:58:34 UTC)" (scheduled at 2026-10-06 00:56:34.173828+00:00)
2026-10-06 02:56:34,178 | INFO     | apscheduler.executors.default | Job "job_check_crypto (trigger: interval[0:02:00], next run at: 2026-10-06 00:58:34 UTC)" executed successfully
2026-10-06 02:57:34,176 | INFO     | apscheduler.executors.default | Running job "job_expire_orders (trigger: interval[0:05:00], next run at: 2026-10-06 01:02:34 UTC)" (scheduled at 2026-10-06 00:57:34.173797+00:00)
2026-10-06 02:57:34,181 | INFO     | apscheduler.executors.default | Running job "job_autopay (trigger: interval[0:05:00], next run at: 2026-10-06 01:02:34 UTC)" (scheduled at 2026-10-06 00:57:34.173855+00:00)
2026-10-06 02:57:34,182 | INFO     | apscheduler.executors.default | Job "job_autopay (trigger: interval[0:05:00], next run at: 2026-10-06 01:02:34 UTC)" executed successfully
2026-10-06 02:57:34,182 | INFO     | apscheduler.executors.default | Running job "job_node_health (trigger: interval[0:05:00], next run at: 2026-10-06 01:02:34 UTC)" (scheduled at 2026-10-06 00:57:34.173878+00:00)
2026-10-06 02:57:34,182 | INFO     | apscheduler.executors.default | Job "job_node_health (trigger: interval[0:05:00], next run at: 2026-10-06 01:02:34 UTC)" executed successfully
2026-10-06 02:57:34,184 | INFO     | apscheduler.executors.default | Job "job_expire_orders (trigger: interval[0:05:00], next run at: 2026-10-06 01:02:34 UTC)" executed successfully
2026-10-06 02:58:34,174 | INFO     | apscheduler.executors.default | Running job "job_check_crypto (trigger: interval[0:02:00], next run at: 2026-10-06 01:00:34 UTC)" (scheduled at 2026-10-06 00:58:34.173828+00:00)
2026-10-06 02:58:34,175 | INFO     | apscheduler.executors.default | Job "job_check_crypto (trigger: interval[0:02:00], next run at: 2026-10-06 01:00:34 UTC)" executed successfully
2026-10-06 03:00:34,176 | INFO     | apscheduler.executors.default | Running job "job_check_crypto (trigger: interval[0:02:00], next run at: 2026-10-06 01:02:34 UTC)" (scheduled at 2026-10-06 01:00:34.173828+00:00)
2026-10-06 03:00:34,178 | INFO     | apscheduler.executors.default | Job "job_check_crypto (trigger: interval[0:02:00], next run at: 2026-10-06 01:02:34 UTC)" executed successfully
2026-10-06 03:02:34,175 | INFO     | apscheduler.executors.default | Running job "job_expire_subscriptions (trigger: interval[0:10:00], next run at: 2026-10-06 01:12:34 UTC)" (scheduled at 2026-10-06 01:02:34.173696+00:00)
2026-10-06 03:02:34,182 | INFO     | apscheduler.executors.default | Running job "job_reminders (trigger: interval[1:00:00], next run at: 2026-10-06 02:02:34 UTC)" (scheduled at 2026-10-06 01:02:34.173759+00:00)
2026-10-06 03:02:34,183 | INFO     | apscheduler.executors.default | Running job "job_expire_orders (trigger: interval[0:05:00], next run at: 2026-10-06 01:07:34 UTC)" (scheduled at 2026-10-06 01:02:34.173797+00:00)
2026-10-06 03:02:34,184 | INFO     | apscheduler.executors.default | Running job "job_check_crypto (trigger: interval[0:02:00], next run at: 2026-10-06 01:04:34 UTC)" (scheduled at 2026-10-06 01:02:34.173828+00:00)
2026-10-06 03:02:34,184 | INFO     | apscheduler.executors.default | Job "job_check_crypto (trigger: interval[0:02:00], next run at: 2026-10-06 01:04:34 UTC)" executed successfully
2026-10-06 03:02:34,185 | INFO     | apscheduler.executors.default | Running job "job_autopay (trigger: interval[0:05:00], next run at: 2026-10-06 01:07:34 UTC)" (scheduled at 2026-10-06 01:02:34.173855+00:00)
2026-10-06 03:02:34,185 | INFO     | apscheduler.executors.default | Job "job_autopay (trigger: interval[0:05:00], next run at: 2026-10-06 01:07:34 UTC)" executed successfully
2026-10-06 03:02:34,185 | INFO     | apscheduler.executors.default | Running job "job_node_health (trigger: interval[0:05:00], next run at: 2026-10-06 01:07:34 UTC)" (scheduled at 2026-10-06 01:02:34.173878+00:00)
2026-10-06 03:02:34,185 | INFO     | apscheduler.executors.default | Job "job_node_health (trigger: interval[0:05:00], next run at: 2026-10-06 01:07:34 UTC)" executed successfully
2026-10-06 03:02:34,191 | INFO     | apscheduler.executors.default | Job "job_expire_orders (trigger: interval[0:05:00], next run at: 2026-10-06 01:07:34 UTC)" executed successfully
2026-10-06 03:02:34,191 | INFO     | apscheduler.executors.default | Job "job_expire_subscriptions (trigger: interval[0:10:00], next run at: 2026-10-06 01:12:34 UTC)" executed successfully
2026-10-06 03:02:34,191 | INFO     | apscheduler.executors.default | Job "job_reminders (trigger: interval[1:00:00], next run at: 2026-10-06 02:02:34 UTC)" executed successfully
2026-10-06 03:04:34,175 | INFO     | apscheduler.executors.default | Running job "job_check_crypto (trigger: interval[0:02:00], next run at: 2026-10-06 01:06:34 UTC)" (scheduled at 2026-10-06 01:04:34.173828+00:00)
2026-10-06 03:04:34,177 | INFO     | apscheduler.executors.default | Job "job_check_crypto (trigger: interval[0:02:00], next run at: 2026-10-06 01:06:34 UTC)" executed successfully
2026-10-06 03:06:34,176 | INFO     | apscheduler.executors.default | Running job "job_check_crypto (trigger: interval[0:02:00], next run at: 2026-10-06 01:08:34 UTC)" (scheduled at 2026-10-06 01:06:34.173828+00:00)
2026-10-06 03:06:34,178 | INFO     | apscheduler.executors.default | Job "job_check_crypto (trigger: interval[0:02:00], next run at: 2026-10-06 01:08:34 UTC)" executed successfully
2026-10-06 03:07:34,175 | INFO     | apscheduler.executors.default | Running job "job_expire_orders (trigger: interval[0:05:00], next run at: 2026-10-06 01:12:34 UTC)" (scheduled at 2026-10-06 01:07:34.173797+00:00)
2026-10-06 03:07:34,181 | INFO     | apscheduler.executors.default | Running job "job_autopay (trigger: interval[0:05:00], next run at: 2026-10-06 01:12:34 UTC)" (scheduled at 2026-10-06 01:07:34.173855+00:00)
2026-10-06 03:07:34,181 | INFO     | apscheduler.executors.default | Job "job_autopay (trigger: interval[0:05:00], next run at: 2026-10-06 01:12:34 UTC)" executed successfully
2026-10-06 03:07:34,182 | INFO     | apscheduler.executors.default | Running job "job_node_health (trigger: interval[0:05:00], next run at: 2026-10-06 01:12:34 UTC)" (scheduled at 2026-10-06 01:07:34.173878+00:00)
2026-10-06 03:07:34,182 | INFO     | apscheduler.executors.default | Job "job_node_health (trigger: interval[0:05:00], next run at: 2026-10-06 01:12:34 UTC)" executed successfully
2026-10-06 03:07:34,185 | INFO     | apscheduler.executors.default | Job "job_expire_orders (trigger: interval[0:05:00], next run at: 2026-10-06 01:12:34 UTC)" executed successfully
2026-10-06 03:08:34,177 | INFO     | apscheduler.executors.default | Running job "job_check_crypto (trigger: interval[0:02:00], next run at: 2026-10-06 01:10:34 UTC)" (scheduled at 2026-10-06 01:08:34.173828+00:00)
2026-10-06 03:08:34,178 | INFO     | apscheduler.executors.default | Job "job_check_crypto (trigger: interval[0:02:00], next run at: 2026-10-06 01:10:34 UTC)" executed successfully
2026-10-06 03:10:34,174 | INFO     | apscheduler.executors.default | Running job "job_check_crypto (trigger: interval[0:02:00], next run at: 2026-10-06 01:12:34 UTC)" (scheduled at 2026-10-06 01:10:34.173828+00:00)
2026-10-06 03:10:34,175 | INFO     | apscheduler.executors.default | Job "job_check_crypto (trigger: interval[0:02:00], next run at: 2026-10-06 01:12:34 UTC)" executed successfully
2026-10-06 03:11:36,408 | ERROR    | aiogram.dispatcher | Failed to fetch updates - TelegramServerError: Telegram server says - Bad Gateway
2026-10-06 03:11:36,409 | WARNING  | aiogram.dispatcher | Sleep for 1.000000 seconds and try again... (tryings = 0, bot id = 8958117679)
2026-10-06 03:11:37,509 | ERROR    | aiogram.dispatcher | Failed to fetch updates - TelegramServerError: Telegram server says - Bad Gateway
2026-10-06 03:11:37,509 | WARNING  | aiogram.dispatcher | Sleep for 1.206853 seconds and try again... (tryings = 1, bot id = 8958117679)
2026-10-06 03:11:38,815 | ERROR    | aiogram.dispatcher | Failed to fetch updates - TelegramServerError: Telegram server says - Bad Gateway
2026-10-06 03:11:38,815 | WARNING  | aiogram.dispatcher | Sleep for 1.656684 seconds and try again... (tryings = 2, bot id = 8958117679)
2026-10-06 03:11:40,571 | ERROR    | aiogram.dispatcher | Failed to fetch updates - TelegramServerError: Telegram server says - Bad Gateway
2026-10-06 03:11:40,571 | WARNING  | aiogram.dispatcher | Sleep for 2.054007 seconds and try again... (tryings = 3, bot id = 8958117679)
2026-10-06 03:11:42,722 | ERROR    | aiogram.dispatcher | Failed to fetch updates - TelegramServerError: Telegram server says - Bad Gateway
2026-10-06 03:11:42,723 | WARNING  | aiogram.dispatcher | Sleep for 2.556634 seconds and try again... (tryings = 4, bot id = 8958117679)
2026-10-06 03:11:45,379 | ERROR    | aiogram.dispatcher | Failed to fetch updates - TelegramServerError: Telegram server says - Bad Gateway
2026-10-06 03:11:45,379 | WARNING  | aiogram.dispatcher | Sleep for 3.216472 seconds and try again... (tryings = 5, bot id = 8958117679)
2026-10-06 03:12:34,176 | INFO     | apscheduler.executors.default | Running job "job_expire_subscriptions (trigger: interval[0:10:00], next run at: 2026-10-06 01:22:34 UTC)" (scheduled at 2026-10-06 01:12:34.173696+00:00)
2026-10-06 03:12:34,183 | INFO     | apscheduler.executors.default | Running job "job_expire_orders (trigger: interval[0:05:00], next run at: 2026-10-06 01:17:34 UTC)" (scheduled at 2026-10-06 01:12:34.173797+00:00)
2026-10-06 03:12:34,184 | INFO     | apscheduler.executors.default | Running job "job_check_crypto (trigger: interval[0:02:00], next run at: 2026-10-06 01:14:34 UTC)" (scheduled at 2026-10-06 01:12:34.173828+00:00)
2026-10-06 03:12:34,185 | INFO     | apscheduler.executors.default | Job "job_check_crypto (trigger: interval[0:02:00], next run at: 2026-10-06 01:14:34 UTC)" executed successfully
2026-10-06 03:12:34,185 | INFO     | apscheduler.executors.default | Running job "job_autopay (trigger: interval[0:05:00], next run at: 2026-10-06 01:17:34 UTC)" (scheduled at 2026-10-06 01:12:34.173855+00:00)
2026-10-06 03:12:34,185 | INFO     | apscheduler.executors.default | Job "job_autopay (trigger: interval[0:05:00], next run at: 2026-10-06 01:17:34 UTC)" executed successfully
2026-10-06 03:12:34,185 | INFO     | apscheduler.executors.default | Running job "job_node_health (trigger: interval[0:05:00], next run at: 2026-10-06 01:17:34 UTC)" (scheduled at 2026-10-06 01:12:34.173878+00:00)
2026-10-06 03:12:34,185 | INFO     | apscheduler.executors.default | Job "job_node_health (trigger: interval[0:05:00], next run at: 2026-10-06 01:17:34 UTC)" executed successfully
2026-10-06 03:12:34,188 | INFO     | apscheduler.executors.default | Job "job_expire_orders (trigger: interval[0:05:00], next run at: 2026-10-06 01:17:34 UTC)" executed successfully
2026-10-06 03:12:34,189 | INFO     | apscheduler.executors.default | Job "job_expire_subscriptions (trigger: interval[0:10:00], next run at: 2026-10-06 01:22:34 UTC)" executed successfully
2026-10-06 03:12:58,897 | ERROR    | aiogram.dispatcher | Failed to fetch updates - TelegramNetworkError: HTTP Client says - Request timeout error
2026-10-06 03:12:58,898 | WARNING  | aiogram.dispatcher | Sleep for 4.235256 seconds and try again... (tryings = 6, bot id = 8958117679)
2026-10-06 03:14:13,896 | ERROR    | aiogram.dispatcher | Failed to fetch updates - TelegramNetworkError: HTTP Client says - Request timeout error
2026-10-06 03:14:13,897 | WARNING  | aiogram.dispatcher | Sleep for 5.053638 seconds and try again... (tryings = 7, bot id = 8958117679)
2026-10-06 03:14:29,399 | INFO     | aiogram.dispatcher | Connection established (tryings = 8, bot id = 8958117679)
2026-10-06 03:14:34,176 | INFO     | apscheduler.executors.default | Running job "job_check_crypto (trigger: interval[0:02:00], next run at: 2026-10-06 01:16:34 UTC)" (scheduled at 2026-10-06 01:14:34.173828+00:00)
2026-10-06 03:14:34,176 | INFO     | apscheduler.executors.default | Job "job_check_crypto (trigger: interval[0:02:00], next run at: 2026-10-06 01:16:34 UTC)" executed successfully
2026-10-06 03:16:34,175 | INFO     | apscheduler.executors.default | Running job "job_check_crypto (trigger: interval[0:02:00], next run at: 2026-10-06 01:18:34 UTC)" (scheduled at 2026-10-06 01:16:34.173828+00:00)
2026-10-06 03:16:34,176 | INFO     | apscheduler.executors.default | Job "job_check_crypto (trigger: interval[0:02:00], next run at: 2026-10-06 01:18:34 UTC)" executed successfully
2026-10-06 03:17:34,176 | INFO     | apscheduler.executors.default | Running job "job_expire_orders (trigger: interval[0:05:00], next run at: 2026-10-06 01:22:34 UTC)" (scheduled at 2026-10-06 01:17:34.173797+00:00)
2026-10-06 03:17:34,179 | INFO     | apscheduler.executors.default | Running job "job_autopay (trigger: interval[0:05:00], next run at: 2026-10-06 01:22:34 UTC)" (scheduled at 2026-10-06 01:17:34.173855+00:00)
2026-10-06 03:17:34,179 | INFO     | apscheduler.executors.default | Job "job_autopay (trigger: interval[0:05:00], next run at: 2026-10-06 01:22:34 UTC)" executed successfully
2026-10-06 03:17:34,180 | INFO     | apscheduler.executors.default | Running job "job_node_health (trigger: interval[0:05:00], next run at: 2026-10-06 01:22:34 UTC)" (scheduled at 2026-10-06 01:17:34.173878+00:00)
2026-10-06 03:17:34,180 | INFO     | apscheduler.executors.default | Job "job_node_health (trigger: interval[0:05:00], next run at: 2026-10-06 01:22:34 UTC)" executed successfully
2026-10-06 03:17:34,181 | INFO     | apscheduler.executors.default | Job "job_expire_orders (trigger: interval[0:05:00], next run at: 2026-10-06 01:22:34 UTC)" executed successfully
2026-10-06 03:18:34,176 | INFO     | apscheduler.executors.default | Running job "job_check_crypto (trigger: interval[0:02:00], next run at: 2026-10-06 01:20:34 UTC)" (scheduled at 2026-10-06 01:18:34.173828+00:00)
2026-10-06 03:18:34,176 | INFO     | apscheduler.executors.default | Job "job_check_crypto (trigger: interval[0:02:00], next run at: 2026-10-06 01:20:34 UTC)" executed successfully
2026-10-06 03:20:34,174 | INFO     | apscheduler.executors.default | Running job "job_check_crypto (trigger: interval[0:02:00], next run at: 2026-10-06 01:22:34 UTC)" (scheduled at 2026-10-06 01:20:34.173828+00:00)
2026-10-06 03:20:34,175 | INFO     | apscheduler.executors.default | Job "job_check_crypto (trigger: interval[0:02:00], next run at: 2026-10-06 01:22:34 UTC)" executed successfully
2026-10-06 03:22:34,176 | INFO     | apscheduler.executors.default | Running job "job_expire_subscriptions (trigger: interval[0:10:00], next run at: 2026-10-06 01:32:34 UTC)" (scheduled at 2026-10-06 01:22:34.173696+00:00)
2026-10-06 03:22:34,182 | INFO     | apscheduler.executors.default | Running job "job_expire_orders (trigger: interval[0:05:00], next run at: 2026-10-06 01:27:34 UTC)" (scheduled at 2026-10-06 01:22:34.173797+00:00)
2026-10-06 03:22:34,183 | INFO     | apscheduler.executors.default | Running job "job_check_crypto (trigger: interval[0:02:00], next run at: 2026-10-06 01:24:34 UTC)" (scheduled at 2026-10-06 01:22:34.173828+00:00)
2026-10-06 03:22:34,183 | INFO     | apscheduler.executors.default | Job "job_check_crypto (trigger: interval[0:02:00], next run at: 2026-10-06 01:24:34 UTC)" executed successfully
2026-10-06 03:22:34,184 | INFO     | apscheduler.executors.default | Running job "job_autopay (trigger: interval[0:05:00], next run at: 2026-10-06 01:27:34 UTC)" (scheduled at 2026-10-06 01:22:34.173855+00:00)
2026-10-06 03:22:34,184 | INFO     | apscheduler.executors.default | Job "job_autopay (trigger: interval[0:05:00], next run at: 2026-10-06 01:27:34 UTC)" executed successfully
2026-10-06 03:22:34,184 | INFO     | apscheduler.executors.default | Running job "job_node_health (trigger: interval[0:05:00], next run at: 2026-10-06 01:27:34 UTC)" (scheduled at 2026-10-06 01:22:34.173878+00:00)
2026-10-06 03:22:34,184 | INFO     | apscheduler.executors.default | Job "job_node_health (trigger: interval[0:05:00], next run at: 2026-10-06 01:27:34 UTC)" executed successfully
2026-10-06 03:22:34,188 | INFO     | apscheduler.executors.default | Job "job_expire_orders (trigger: interval[0:05:00], next run at: 2026-10-06 01:27:34 UTC)" executed successfully
2026-10-06 03:22:34,188 | INFO     | apscheduler.executors.default | Job "job_expire_subscriptions (trigger: interval[0:10:00], next run at: 2026-10-06 01:32:34 UTC)" executed successfully
2026-10-06 03:24:34,176 | INFO     | apscheduler.executors.default | Running job "job_check_crypto (trigger: interval[0:02:00], next run at: 2026-10-06 01:26:34 UTC)" (scheduled at 2026-10-06 01:24:34.173828+00:00)
2026-10-06 03:24:34,177 | INFO     | apscheduler.executors.default | Job "job_check_crypto (trigger: interval[0:02:00], next run at: 2026-10-06 01:26:34 UTC)" executed successfully
2026-10-06 03:26:34,176 | INFO     | apscheduler.executors.default | Running job "job_check_crypto (trigger: interval[0:02:00], next run at: 2026-10-06 01:28:34 UTC)" (scheduled at 2026-10-06 01:26:34.173828+00:00)
2026-10-06 03:26:34,176 | INFO     | apscheduler.executors.default | Job "job_check_crypto (trigger: interval[0:02:00], next run at: 2026-10-06 01:28:34 UTC)" executed successfully
2026-10-06 03:27:34,176 | INFO     | apscheduler.executors.default | Running job "job_expire_orders (trigger: interval[0:05:00], next run at: 2026-10-06 01:32:34 UTC)" (scheduled at 2026-10-06 01:27:34.173797+00:00)
2026-10-06 03:27:34,179 | INFO     | apscheduler.executors.default | Running job "job_autopay (trigger: interval[0:05:00], next run at: 2026-10-06 01:32:34 UTC)" (scheduled at 2026-10-06 01:27:34.173855+00:00)
2026-10-06 03:27:34,179 | INFO     | apscheduler.executors.default | Job "job_autopay (trigger: interval[0:05:00], next run at: 2026-10-06 01:32:34 UTC)" executed successfully
2026-10-06 03:27:34,179 | INFO     | apscheduler.executors.default | Running job "job_node_health (trigger: interval[0:05:00], next run at: 2026-10-06 01:32:34 UTC)" (scheduled at 2026-10-06 01:27:34.173878+00:00)
2026-10-06 03:27:34,179 | INFO     | apscheduler.executors.default | Job "job_node_health (trigger: interval[0:05:00], next run at: 2026-10-06 01:32:34 UTC)" executed successfully
2026-10-06 03:27:34,181 | INFO     | apscheduler.executors.default | Job "job_expire_orders (trigger: interval[0:05:00], next run at: 2026-10-06 01:32:34 UTC)" executed successfully
2026-10-06 03:28:34,175 | INFO     | apscheduler.executors.default | Running job "job_check_crypto (trigger: interval[0:02:00], next run at: 2026-10-06 01:30:34 UTC)" (scheduled at 2026-10-06 01:28:34.173828+00:00)
2026-10-06 03:28:34,176 | INFO     | apscheduler.executors.default | Job "job_check_crypto (trigger: interval[0:02:00], next run at: 2026-10-06 01:30:34 UTC)" executed successfully
2026-10-06 03:30:34,177 | INFO     | apscheduler.executors.default | Running job "job_check_crypto (trigger: interval[0:02:00], next run at: 2026-10-06 01:32:34 UTC)" (scheduled at 2026-10-06 01:30:34.173828+00:00)
2026-10-06 03:30:34,179 | INFO     | apscheduler.executors.default | Job "job_check_crypto (trigger: interval[0:02:00], next run at: 2026-10-06 01:32:34 UTC)" executed successfully
2026-10-06 03:32:34,177 | INFO     | apscheduler.executors.default | Running job "job_expire_subscriptions (trigger: interval[0:10:00], next run at: 2026-10-06 01:42:34 UTC)" (scheduled at 2026-10-06 01:32:34.173696+00:00)
2026-10-06 03:32:34,182 | INFO     | apscheduler.executors.default | Running job "job_expire_orders (trigger: interval[0:05:00], next run at: 2026-10-06 01:37:34 UTC)" (scheduled at 2026-10-06 01:32:34.173797+00:00)
2026-10-06 03:32:34,183 | INFO     | apscheduler.executors.default | Running job "job_check_crypto (trigger: interval[0:02:00], next run at: 2026-10-06 01:34:34 UTC)" (scheduled at 2026-10-06 01:32:34.173828+00:00)
2026-10-06 03:32:34,184 | INFO     | apscheduler.executors.default | Job "job_check_crypto (trigger: interval[0:02:00], next run at: 2026-10-06 01:34:34 UTC)" executed successfully
2026-10-06 03:32:34,184 | INFO     | apscheduler.executors.default | Running job "job_autopay (trigger: interval[0:05:00], next run at: 2026-10-06 01:37:34 UTC)" (scheduled at 2026-10-06 01:32:34.173855+00:00)
2026-10-06 03:32:34,184 | INFO     | apscheduler.executors.default | Job "job_autopay (trigger: interval[0:05:00], next run at: 2026-10-06 01:37:34 UTC)" executed successfully
2026-10-06 03:32:34,184 | INFO     | apscheduler.executors.default | Running job "job_node_health (trigger: interval[0:05:00], next run at: 2026-10-06 01:37:34 UTC)" (scheduled at 2026-10-06 01:32:34.173878+00:00)
2026-10-06 03:32:34,184 | INFO     | apscheduler.executors.default | Job "job_node_health (trigger: interval[0:05:00], next run at: 2026-10-06 01:37:34 UTC)" executed successfully
2026-10-06 03:32:34,188 | INFO     | apscheduler.executors.default | Job "job_expire_subscriptions (trigger: interval[0:10:00], next run at: 2026-10-06 01:42:34 UTC)" executed successfully
2026-10-06 03:32:34,188 | INFO     | apscheduler.executors.default | Job "job_expire_orders (trigger: interval[0:05:00], next run at: 2026-10-06 01:37:34 UTC)" executed successfully
2026-10-06 03:34:34,177 | INFO     | apscheduler.executors.default | Running job "job_check_crypto (trigger: interval[0:02:00], next run at: 2026-10-06 01:36:34 UTC)" (scheduled at 2026-10-06 01:34:34.173828+00:00)
2026-10-06 03:34:34,178 | INFO     | apscheduler.executors.default | Job "job_check_crypto (trigger: interval[0:02:00], next run at: 2026-10-06 01:36:34 UTC)" executed successfully
2026-10-06 03:36:34,176 | INFO     | apscheduler.executors.default | Running job "job_check_crypto (trigger: interval[0:02:00], next run at: 2026-10-06 01:38:34 UTC)" (scheduled at 2026-10-06 01:36:34.173828+00:00)
2026-10-06 03:36:34,177 | INFO     | apscheduler.executors.default | Job "job_check_crypto (trigger: interval[0:02:00], next run at: 2026-10-06 01:38:34 UTC)" executed successfully
2026-10-06 03:37:34,175 | INFO     | apscheduler.executors.default | Running job "job_expire_orders (trigger: interval[0:05:00], next run at: 2026-10-06 01:42:34 UTC)" (scheduled at 2026-10-06 01:37:34.173797+00:00)
2026-10-06 03:37:34,181 | INFO     | apscheduler.executors.default | Running job "job_autopay (trigger: interval[0:05:00], next run at: 2026-10-06 01:42:34 UTC)" (scheduled at 2026-10-06 01:37:34.173855+00:00)
2026-10-06 03:37:34,181 | INFO     | apscheduler.executors.default | Job "job_autopay (trigger: interval[0:05:00], next run at: 2026-10-06 01:42:34 UTC)" executed successfully
2026-10-06 03:37:34,181 | INFO     | apscheduler.executors.default | Running job "job_node_health (trigger: interval[0:05:00], next run at: 2026-10-06 01:42:34 UTC)" (scheduled at 2026-10-06 01:37:34.173878+00:00)
2026-10-06 03:37:34,181 | INFO     | apscheduler.executors.default | Job "job_node_health (trigger: interval[0:05:00], next run at: 2026-10-06 01:42:34 UTC)" executed successfully
2026-10-06 03:37:34,185 | INFO     | apscheduler.executors.default | Job "job_expire_orders (trigger: interval[0:05:00], next run at: 2026-10-06 01:42:34 UTC)" executed successfully
2026-10-06 03:38:34,176 | INFO     | apscheduler.executors.default | Running job "job_check_crypto (trigger: interval[0:02:00], next run at: 2026-10-06 01:40:34 UTC)" (scheduled at 2026-10-06 01:38:34.173828+00:00)
2026-10-06 03:38:34,178 | INFO     | apscheduler.executors.default | Job "job_check_crypto (trigger: interval[0:02:00], next run at: 2026-10-06 01:40:34 UTC)" executed successfully
2026-10-06 03:40:34,176 | INFO     | apscheduler.executors.default | Running job "job_check_crypto (trigger: interval[0:02:00], next run at: 2026-10-06 01:42:34 UTC)" (scheduled at 2026-10-06 01:40:34.173828+00:00)
2026-10-06 03:40:34,178 | INFO     | apscheduler.executors.default | Job "job_check_crypto (trigger: interval[0:02:00], next run at: 2026-10-06 01:42:34 UTC)" executed successfully
2026-10-06 03:42:34,177 | INFO     | apscheduler.executors.default | Running job "job_expire_subscriptions (trigger: interval[0:10:00], next run at: 2026-10-06 01:52:34 UTC)" (scheduled at 2026-10-06 01:42:34.173696+00:00)
2026-10-06 03:42:34,183 | INFO     | apscheduler.executors.default | Running job "job_expire_orders (trigger: interval[0:05:00], next run at: 2026-10-06 01:47:34 UTC)" (scheduled at 2026-10-06 01:42:34.173797+00:00)
2026-10-06 03:42:34,184 | INFO     | apscheduler.executors.default | Running job "job_check_crypto (trigger: interval[0:02:00], next run at: 2026-10-06 01:44:34 UTC)" (scheduled at 2026-10-06 01:42:34.173828+00:00)
2026-10-06 03:42:34,184 | INFO     | apscheduler.executors.default | Job "job_check_crypto (trigger: interval[0:02:00], next run at: 2026-10-06 01:44:34 UTC)" executed successfully
2026-10-06 03:42:34,184 | INFO     | apscheduler.executors.default | Running job "job_autopay (trigger: interval[0:05:00], next run at: 2026-10-06 01:47:34 UTC)" (scheduled at 2026-10-06 01:42:34.173855+00:00)
2026-10-06 03:42:34,184 | INFO     | apscheduler.executors.default | Job "job_autopay (trigger: interval[0:05:00], next run at: 2026-10-06 01:47:34 UTC)" executed successfully
2026-10-06 03:42:34,184 | INFO     | apscheduler.executors.default | Running job "job_node_health (trigger: interval[0:05:00], next run at: 2026-10-06 01:47:34 UTC)" (scheduled at 2026-10-06 01:42:34.173878+00:00)
2026-10-06 03:42:34,184 | INFO     | apscheduler.executors.default | Job "job_node_health (trigger: interval[0:05:00], next run at: 2026-10-06 01:47:34 UTC)" executed successfully
2026-10-06 03:42:34,188 | INFO     | apscheduler.executors.default | Job "job_expire_subscriptions (trigger: interval[0:10:00], next run at: 2026-10-06 01:52:34 UTC)" executed successfully
2026-10-06 03:42:34,188 | INFO     | apscheduler.executors.default | Job "job_expire_orders (trigger: interval[0:05:00], next run at: 2026-10-06 01:47:34 UTC)" executed successfully
2026-10-06 03:44:34,175 | INFO     | apscheduler.executors.default | Running job "job_check_crypto (trigger: interval[0:02:00], next run at: 2026-10-06 01:46:34 UTC)" (scheduled at 2026-10-06 01:44:34.173828+00:00)
2026-10-06 03:44:34,176 | INFO     | apscheduler.executors.default | Job "job_check_crypto (trigger: interval[0:02:00], next run at: 2026-10-06 01:46:34 UTC)" executed successfully
2026-10-06 03:46:34,177 | INFO     | apscheduler.executors.default | Running job "job_check_crypto (trigger: interval[0:02:00], next run at: 2026-10-06 01:48:34 UTC)" (scheduled at 2026-10-06 01:46:34.173828+00:00)
2026-10-06 03:46:34,178 | INFO     | apscheduler.executors.default | Job "job_check_crypto (trigger: interval[0:02:00], next run at: 2026-10-06 01:48:34 UTC)" executed successfully
2026-10-06 03:47:34,175 | INFO     | apscheduler.executors.default | Running job "job_expire_orders (trigger: interval[0:05:00], next run at: 2026-10-06 01:52:34 UTC)" (scheduled at 2026-10-06 01:47:34.173797+00:00)
2026-10-06 03:47:34,181 | INFO     | apscheduler.executors.default | Running job "job_autopay (trigger: interval[0:05:00], next run at: 2026-10-06 01:52:34 UTC)" (scheduled at 2026-10-06 01:47:34.173855+00:00)
2026-10-06 03:47:34,182 | INFO     | apscheduler.executors.default | Job "job_autopay (trigger: interval[0:05:00], next run at: 2026-10-06 01:52:34 UTC)" executed successfully
2026-10-06 03:47:34,182 | INFO     | apscheduler.executors.default | Running job "job_node_health (trigger: interval[0:05:00], next run at: 2026-10-06 01:52:34 UTC)" (scheduled at 2026-10-06 01:47:34.173878+00:00)
2026-10-06 03:47:34,182 | INFO     | apscheduler.executors.default | Job "job_node_health (trigger: interval[0:05:00], next run at: 2026-10-06 01:52:34 UTC)" executed successfully
2026-10-06 03:47:34,185 | INFO     | apscheduler.executors.default | Job "job_expire_orders (trigger: interval[0:05:00], next run at: 2026-10-06 01:52:34 UTC)" executed successfully
2026-10-06 03:48:34,175 | INFO     | apscheduler.executors.default | Running job "job_check_crypto (trigger: interval[0:02:00], next run at: 2026-10-06 01:50:34 UTC)" (scheduled at 2026-10-06 01:48:34.173828+00:00)
2026-10-06 03:48:34,176 | INFO     | apscheduler.executors.default | Job "job_check_crypto (trigger: interval[0:02:00], next run at: 2026-10-06 01:50:34 UTC)" executed successfully
2026-10-06 03:50:34,175 | INFO     | apscheduler.executors.default | Running job "job_check_crypto (trigger: interval[0:02:00], next run at: 2026-10-06 01:52:34 UTC)" (scheduled at 2026-10-06 01:50:34.173828+00:00)
2026-10-06 03:50:34,176 | INFO     | apscheduler.executors.default | Job "job_check_crypto (trigger: interval[0:02:00], next run at: 2026-10-06 01:52:34 UTC)" executed successfully
2026-10-06 03:52:34,176 | INFO     | apscheduler.executors.default | Running job "job_expire_subscriptions (trigger: interval[0:10:00], next run at: 2026-10-06 02:02:34 UTC)" (scheduled at 2026-10-06 01:52:34.173696+00:00)
2026-10-06 03:52:34,182 | INFO     | apscheduler.executors.default | Running job "job_expire_orders (trigger: interval[0:05:00], next run at: 2026-10-06 01:57:34 UTC)" (scheduled at 2026-10-06 01:52:34.173797+00:00)
2026-10-06 03:52:34,183 | INFO     | apscheduler.executors.default | Running job "job_check_crypto (trigger: interval[0:02:00], next run at: 2026-10-06 01:54:34 UTC)" (scheduled at 2026-10-06 01:52:34.173828+00:00)
2026-10-06 03:52:34,183 | INFO     | apscheduler.executors.default | Job "job_check_crypto (trigger: interval[0:02:00], next run at: 2026-10-06 01:54:34 UTC)" executed successfully
2026-10-06 03:52:34,183 | INFO     | apscheduler.executors.default | Running job "job_autopay (trigger: interval[0:05:00], next run at: 2026-10-06 01:57:34 UTC)" (scheduled at 2026-10-06 01:52:34.173855+00:00)
2026-10-06 03:52:34,184 | INFO     | apscheduler.executors.default | Job "job_autopay (trigger: interval[0:05:00], next run at: 2026-10-06 01:57:34 UTC)" executed successfully
2026-10-06 03:52:34,184 | INFO     | apscheduler.executors.default | Running job "job_node_health (trigger: interval[0:05:00], next run at: 2026-10-06 01:57:34 UTC)" (scheduled at 2026-10-06 01:52:34.173878+00:00)
2026-10-06 03:52:34,184 | INFO     | apscheduler.executors.default | Job "job_node_health (trigger: interval[0:05:00], next run at: 2026-10-06 01:57:34 UTC)" executed successfully
2026-10-06 03:52:34,188 | INFO     | apscheduler.executors.default | Job "job_expire_orders (trigger: interval[0:05:00], next run at: 2026-10-06 01:57:34 UTC)" executed successfully
2026-10-06 03:52:34,189 | INFO     | apscheduler.executors.default | Job "job_expire_subscriptions (trigger: interval[0:10:00], next run at: 2026-10-06 02:02:34 UTC)" executed successfully
2026-10-06 03:54:34,177 | INFO     | apscheduler.executors.default | Running job "job_check_crypto (trigger: interval[0:02:00], next run at: 2026-10-06 01:56:34 UTC)" (scheduled at 2026-10-06 01:54:34.173828+00:00)
2026-10-06 03:54:34,178 | INFO     | apscheduler.executors.default | Job "job_check_crypto (trigger: interval[0:02:00], next run at: 2026-10-06 01:56:34 UTC)" executed successfully
2026-10-06 03:56:34,177 | INFO     | apscheduler.executors.default | Running job "job_check_crypto (trigger: interval[0:02:00], next run at: 2026-10-06 01:58:34 UTC)" (scheduled at 2026-10-06 01:56:34.173828+00:00)
2026-10-06 03:56:34,178 | INFO     | apscheduler.executors.default | Job "job_check_crypto (trigger: interval[0:02:00], next run at: 2026-10-06 01:58:34 UTC)" executed successfully
2026-10-06 03:57:34,174 | INFO     | apscheduler.executors.default | Running job "job_expire_orders (trigger: interval[0:05:00], next run at: 2026-10-06 02:02:34 UTC)" (scheduled at 2026-10-06 01:57:34.173797+00:00)
2026-10-06 03:57:34,180 | INFO     | apscheduler.executors.default | Running job "job_autopay (trigger: interval[0:05:00], next run at: 2026-10-06 02:02:34 UTC)" (scheduled at 2026-10-06 01:57:34.173855+00:00)
2026-10-06 03:57:34,180 | INFO     | apscheduler.executors.default | Job "job_autopay (trigger: interval[0:05:00], next run at: 2026-10-06 02:02:34 UTC)" executed successfully
2026-10-06 03:57:34,181 | INFO     | apscheduler.executors.default | Running job "job_node_health (trigger: interval[0:05:00], next run at: 2026-10-06 02:02:34 UTC)" (scheduled at 2026-10-06 01:57:34.173878+00:00)
2026-10-06 03:57:34,181 | INFO     | apscheduler.executors.default | Job "job_node_health (trigger: interval[0:05:00], next run at: 2026-10-06 02:02:34 UTC)" executed successfully
2026-10-06 03:57:34,184 | INFO     | apscheduler.executors.default | Job "job_expire_orders (trigger: interval[0:05:00], next run at: 2026-10-06 02:02:34 UTC)" executed successfully
2026-10-06 03:58:34,177 | INFO     | apscheduler.executors.default | Running job "job_check_crypto (trigger: interval[0:02:00], next run at: 2026-10-06 02:00:34 UTC)" (scheduled at 2026-10-06 01:58:34.173828+00:00)
2026-10-06 03:58:34,178 | INFO     | apscheduler.executors.default | Job "job_check_crypto (trigger: interval[0:02:00], next run at: 2026-10-06 02:00:34 UTC)" executed successfully
2026-10-06 04:00:34,176 | INFO     | apscheduler.executors.default | Running job "job_check_crypto (trigger: interval[0:02:00], next run at: 2026-10-06 02:02:34 UTC)" (scheduled at 2026-10-06 02:00:34.173828+00:00)
2026-10-06 04:00:34,177 | INFO     | apscheduler.executors.default | Job "job_check_crypto (trigger: interval[0:02:00], next run at: 2026-10-06 02:02:34 UTC)" executed successfully
2026-10-06 04:02:34,177 | INFO     | apscheduler.executors.default | Running job "job_expire_subscriptions (trigger: interval[0:10:00], next run at: 2026-10-06 02:12:34 UTC)" (scheduled at 2026-10-06 02:02:34.173696+00:00)
2026-10-06 04:02:34,183 | INFO     | apscheduler.executors.default | Running job "job_reminders (trigger: interval[1:00:00], next run at: 2026-10-06 03:02:34 UTC)" (scheduled at 2026-10-06 02:02:34.173759+00:00)
2026-10-06 04:02:34,185 | INFO     | apscheduler.executors.default | Running job "job_expire_orders (trigger: interval[0:05:00], next run at: 2026-10-06 02:07:34 UTC)" (scheduled at 2026-10-06 02:02:34.173797+00:00)
2026-10-06 04:02:34,186 | INFO     | apscheduler.executors.default | Running job "job_check_crypto (trigger: interval[0:02:00], next run at: 2026-10-06 02:04:34 UTC)" (scheduled at 2026-10-06 02:02:34.173828+00:00)
2026-10-06 04:02:34,186 | INFO     | apscheduler.executors.default | Job "job_check_crypto (trigger: interval[0:02:00], next run at: 2026-10-06 02:04:34 UTC)" executed successfully
2026-10-06 04:02:34,186 | INFO     | apscheduler.executors.default | Running job "job_autopay (trigger: interval[0:05:00], next run at: 2026-10-06 02:07:34 UTC)" (scheduled at 2026-10-06 02:02:34.173855+00:00)
2026-10-06 04:02:34,186 | INFO     | apscheduler.executors.default | Job "job_autopay (trigger: interval[0:05:00], next run at: 2026-10-06 02:07:34 UTC)" executed successfully
2026-10-06 04:02:34,186 | INFO     | apscheduler.executors.default | Running job "job_node_health (trigger: interval[0:05:00], next run at: 2026-10-06 02:07:34 UTC)" (scheduled at 2026-10-06 02:02:34.173878+00:00)
2026-10-06 04:02:34,186 | INFO     | apscheduler.executors.default | Job "job_node_health (trigger: interval[0:05:00], next run at: 2026-10-06 02:07:34 UTC)" executed successfully
2026-10-06 04:02:34,191 | INFO     | apscheduler.executors.default | Job "job_expire_subscriptions (trigger: interval[0:10:00], next run at: 2026-10-06 02:12:34 UTC)" executed successfully
2026-10-06 04:02:34,192 | INFO     | apscheduler.executors.default | Job "job_expire_orders (trigger: interval[0:05:00], next run at: 2026-10-06 02:07:34 UTC)" executed successfully
2026-10-06 04:02:34,193 | INFO     | apscheduler.executors.default | Job "job_reminders (trigger: interval[1:00:00], next run at: 2026-10-06 03:02:34 UTC)" executed successfully
2026-10-06 04:04:34,175 | INFO     | apscheduler.executors.default | Running job "job_check_crypto (trigger: interval[0:02:00], next run at: 2026-10-06 02:06:34 UTC)" (scheduled at 2026-10-06 02:04:34.173828+00:00)
2026-10-06 04:04:34,176 | INFO     | apscheduler.executors.default | Job "job_check_crypto (trigger: interval[0:02:00], next run at: 2026-10-06 02:06:34 UTC)" executed successfully
2026-10-06 04:06:34,176 | INFO     | apscheduler.executors.default | Running job "job_check_crypto (trigger: interval[0:02:00], next run at: 2026-10-06 02:08:34 UTC)" (scheduled at 2026-10-06 02:06:34.173828+00:00)
2026-10-06 04:06:34,178 | INFO     | apscheduler.executors.default | Job "job_check_crypto (trigger: interval[0:02:00], next run at: 2026-10-06 02:08:34 UTC)" executed successfully
2026-10-06 04:07:34,176 | INFO     | apscheduler.executors.default | Running job "job_expire_orders (trigger: interval[0:05:00], next run at: 2026-10-06 02:12:34 UTC)" (scheduled at 2026-10-06 02:07:34.173797+00:00)
2026-10-06 04:07:34,183 | INFO     | apscheduler.executors.default | Running job "job_autopay (trigger: interval[0:05:00], next run at: 2026-10-06 02:12:34 UTC)" (scheduled at 2026-10-06 02:07:34.173855+00:00)
2026-10-06 04:07:34,184 | INFO     | apscheduler.executors.default | Job "job_autopay (trigger: interval[0:05:00], next run at: 2026-10-06 02:12:34 UTC)" executed successfully
2026-10-06 04:07:34,184 | INFO     | apscheduler.executors.default | Running job "job_node_health (trigger: interval[0:05:00], next run at: 2026-10-06 02:12:34 UTC)" (scheduled at 2026-10-06 02:07:34.173878+00:00)
2026-10-06 04:07:34,184 | INFO     | apscheduler.executors.default | Job "job_node_health (trigger: interval[0:05:00], next run at: 2026-10-06 02:12:34 UTC)" executed successfully
2026-10-06 04:07:34,186 | INFO     | apscheduler.executors.default | Job "job_expire_orders (trigger: interval[0:05:00], next run at: 2026-10-06 02:12:34 UTC)" executed successfully
2026-10-06 04:08:34,176 | INFO     | apscheduler.executors.default | Running job "job_check_crypto (trigger: interval[0:02:00], next run at: 2026-10-06 02:10:34 UTC)" (scheduled at 2026-10-06 02:08:34.173828+00:00)
2026-10-06 04:08:34,177 | INFO     | apscheduler.executors.default | Job "job_check_crypto (trigger: interval[0:02:00], next run at: 2026-10-06 02:10:34 UTC)" executed successfully
2026-10-06 04:10:34,176 | INFO     | apscheduler.executors.default | Running job "job_check_crypto (trigger: interval[0:02:00], next run at: 2026-10-06 02:12:34 UTC)" (scheduled at 2026-10-06 02:10:34.173828+00:00)
2026-10-06 04:10:34,177 | INFO     | apscheduler.executors.default | Job "job_check_crypto (trigger: interval[0:02:00], next run at: 2026-10-06 02:12:34 UTC)" executed successfully
2026-10-06 04:12:34,174 | INFO     | apscheduler.executors.default | Running job "job_expire_subscriptions (trigger: interval[0:10:00], next run at: 2026-10-06 02:22:34 UTC)" (scheduled at 2026-10-06 02:12:34.173696+00:00)
2026-10-06 04:12:34,180 | INFO     | apscheduler.executors.default | Running job "job_expire_orders (trigger: interval[0:05:00], next run at: 2026-10-06 02:17:34 UTC)" (scheduled at 2026-10-06 02:12:34.173797+00:00)
2026-10-06 04:12:34,181 | INFO     | apscheduler.executors.default | Running job "job_check_crypto (trigger: interval[0:02:00], next run at: 2026-10-06 02:14:34 UTC)" (scheduled at 2026-10-06 02:12:34.173828+00:00)
2026-10-06 04:12:34,181 | INFO     | apscheduler.executors.default | Job "job_check_crypto (trigger: interval[0:02:00], next run at: 2026-10-06 02:14:34 UTC)" executed successfully
2026-10-06 04:12:34,181 | INFO     | apscheduler.executors.default | Running job "job_autopay (trigger: interval[0:05:00], next run at: 2026-10-06 02:17:34 UTC)" (scheduled at 2026-10-06 02:12:34.173855+00:00)
2026-10-06 04:12:34,182 | INFO     | apscheduler.executors.default | Job "job_autopay (trigger: interval[0:05:00], next run at: 2026-10-06 02:17:34 UTC)" executed successfully
2026-10-06 04:12:34,182 | INFO     | apscheduler.executors.default | Running job "job_node_health (trigger: interval[0:05:00], next run at: 2026-10-06 02:17:34 UTC)" (scheduled at 2026-10-06 02:12:34.173878+00:00)
2026-10-06 04:12:34,182 | INFO     | apscheduler.executors.default | Job "job_node_health (trigger: interval[0:05:00], next run at: 2026-10-06 02:17:34 UTC)" executed successfully
2026-10-06 04:12:34,185 | INFO     | apscheduler.executors.default | Job "job_expire_subscriptions (trigger: interval[0:10:00], next run at: 2026-10-06 02:22:34 UTC)" executed successfully
2026-10-06 04:12:34,185 | INFO     | apscheduler.executors.default | Job "job_expire_orders (trigger: interval[0:05:00], next run at: 2026-10-06 02:17:34 UTC)" executed successfully
2026-10-06 04:14:34,176 | INFO     | apscheduler.executors.default | Running job "job_check_crypto (trigger: interval[0:02:00], next run at: 2026-10-06 02:16:34 UTC)" (scheduled at 2026-10-06 02:14:34.173828+00:00)
2026-10-06 04:14:34,177 | INFO     | apscheduler.executors.default | Job "job_check_crypto (trigger: interval[0:02:00], next run at: 2026-10-06 02:16:34 UTC)" executed successfully
2026-10-06 04:16:34,175 | INFO     | apscheduler.executors.default | Running job "job_check_crypto (trigger: interval[0:02:00], next run at: 2026-10-06 02:18:34 UTC)" (scheduled at 2026-10-06 02:16:34.173828+00:00)
2026-10-06 04:16:34,176 | INFO     | apscheduler.executors.default | Job "job_check_crypto (trigger: interval[0:02:00], next run at: 2026-10-06 02:18:34 UTC)" executed successfully
2026-10-06 04:17:34,176 | INFO     | apscheduler.executors.default | Running job "job_expire_orders (trigger: interval[0:05:00], next run at: 2026-10-06 02:22:34 UTC)" (scheduled at 2026-10-06 02:17:34.173797+00:00)
2026-10-06 04:17:34,181 | INFO     | apscheduler.executors.default | Running job "job_autopay (trigger: interval[0:05:00], next run at: 2026-10-06 02:22:34 UTC)" (scheduled at 2026-10-06 02:17:34.173855+00:00)
2026-10-06 04:17:34,181 | INFO     | apscheduler.executors.default | Job "job_autopay (trigger: interval[0:05:00], next run at: 2026-10-06 02:22:34 UTC)" executed successfully
2026-10-06 04:17:34,181 | INFO     | apscheduler.executors.default | Running job "job_node_health (trigger: interval[0:05:00], next run at: 2026-10-06 02:22:34 UTC)" (scheduled at 2026-10-06 02:17:34.173878+00:00)
2026-10-06 04:17:34,181 | INFO     | apscheduler.executors.default | Job "job_node_health (trigger: interval[0:05:00], next run at: 2026-10-06 02:22:34 UTC)" executed successfully
2026-10-06 04:17:34,184 | INFO     | apscheduler.executors.default | Job "job_expire_orders (trigger: interval[0:05:00], next run at: 2026-10-06 02:22:34 UTC)" executed successfully
2026-10-06 04:18:34,176 | INFO     | apscheduler.executors.default | Running job "job_check_crypto (trigger: interval[0:02:00], next run at: 2026-10-06 02:20:34 UTC)" (scheduled at 2026-10-06 02:18:34.173828+00:00)
2026-10-06 04:18:34,177 | INFO     | apscheduler.executors.default | Job "job_check_crypto (trigger: interval[0:02:00], next run at: 2026-10-06 02:20:34 UTC)" executed successfully
2026-10-06 04:20:34,175 | INFO     | apscheduler.executors.default | Running job "job_check_crypto (trigger: interval[0:02:00], next run at: 2026-10-06 02:22:34 UTC)" (scheduled at 2026-10-06 02:20:34.173828+00:00)
2026-10-06 04:20:34,177 | INFO     | apscheduler.executors.default | Job "job_check_crypto (trigger: interval[0:02:00], next run at: 2026-10-06 02:22:34 UTC)" executed successfully
2026-10-06 04:22:34,176 | INFO     | apscheduler.executors.default | Running job "job_expire_subscriptions (trigger: interval[0:10:00], next run at: 2026-10-06 02:32:34 UTC)" (scheduled at 2026-10-06 02:22:34.173696+00:00)
2026-10-06 04:22:34,181 | INFO     | apscheduler.executors.default | Running job "job_expire_orders (trigger: interval[0:05:00], next run at: 2026-10-06 02:27:34 UTC)" (scheduled at 2026-10-06 02:22:34.173797+00:00)
2026-10-06 04:22:34,182 | INFO     | apscheduler.executors.default | Running job "job_check_crypto (trigger: interval[0:02:00], next run at: 2026-10-06 02:24:34 UTC)" (scheduled at 2026-10-06 02:22:34.173828+00:00)
2026-10-06 04:22:34,182 | INFO     | apscheduler.executors.default | Job "job_check_crypto (trigger: interval[0:02:00], next run at: 2026-10-06 02:24:34 UTC)" executed successfully
2026-10-06 04:22:34,182 | INFO     | apscheduler.executors.default | Running job "job_autopay (trigger: interval[0:05:00], next run at: 2026-10-06 02:27:34 UTC)" (scheduled at 2026-10-06 02:22:34.173855+00:00)
2026-10-06 04:22:34,183 | INFO     | apscheduler.executors.default | Job "job_autopay (trigger: interval[0:05:00], next run at: 2026-10-06 02:27:34 UTC)" executed successfully
2026-10-06 04:22:34,183 | INFO     | apscheduler.executors.default | Running job "job_node_health (trigger: interval[0:05:00], next run at: 2026-10-06 02:27:34 UTC)" (scheduled at 2026-10-06 02:22:34.173878+00:00)
2026-10-06 04:22:34,183 | INFO     | apscheduler.executors.default | Job "job_node_health (trigger: interval[0:05:00], next run at: 2026-10-06 02:27:34 UTC)" executed successfully
2026-10-06 04:22:34,187 | INFO     | apscheduler.executors.default | Job "job_expire_subscriptions (trigger: interval[0:10:00], next run at: 2026-10-06 02:32:34 UTC)" executed successfully
2026-10-06 04:22:34,187 | INFO     | apscheduler.executors.default | Job "job_expire_orders (trigger: interval[0:05:00], next run at: 2026-10-06 02:27:34 UTC)" executed successfully
2026-10-06 04:24:34,175 | INFO     | apscheduler.executors.default | Running job "job_check_crypto (trigger: interval[0:02:00], next run at: 2026-10-06 02:26:34 UTC)" (scheduled at 2026-10-06 02:24:34.173828+00:00)
2026-10-06 04:24:34,176 | INFO     | apscheduler.executors.default | Job "job_check_crypto (trigger: interval[0:02:00], next run at: 2026-10-06 02:26:34 UTC)" executed successfully
2026-10-06 04:26:34,176 | INFO     | apscheduler.executors.default | Running job "job_check_crypto (trigger: interval[0:02:00], next run at: 2026-10-06 02:28:34 UTC)" (scheduled at 2026-10-06 02:26:34.173828+00:00)
2026-10-06 04:26:34,177 | INFO     | apscheduler.executors.default | Job "job_check_crypto (trigger: interval[0:02:00], next run at: 2026-10-06 02:28:34 UTC)" executed successfully
2026-10-06 04:27:34,177 | INFO     | apscheduler.executors.default | Running job "job_expire_orders (trigger: interval[0:05:00], next run at: 2026-10-06 02:32:34 UTC)" (scheduled at 2026-10-06 02:27:34.173797+00:00)
2026-10-06 04:27:34,183 | INFO     | apscheduler.executors.default | Running job "job_autopay (trigger: interval[0:05:00], next run at: 2026-10-06 02:32:34 UTC)" (scheduled at 2026-10-06 02:27:34.173855+00:00)
2026-10-06 04:27:34,183 | INFO     | apscheduler.executors.default | Job "job_autopay (trigger: interval[0:05:00], next run at: 2026-10-06 02:32:34 UTC)" executed successfully
2026-10-06 04:27:34,183 | INFO     | apscheduler.executors.default | Running job "job_node_health (trigger: interval[0:05:00], next run at: 2026-10-06 02:32:34 UTC)" (scheduled at 2026-10-06 02:27:34.173878+00:00)
2026-10-06 04:27:34,184 | INFO     | apscheduler.executors.default | Job "job_node_health (trigger: interval[0:05:00], next run at: 2026-10-06 02:32:34 UTC)" executed successfully
2026-10-06 04:27:34,187 | INFO     | apscheduler.executors.default | Job "job_expire_orders (trigger: interval[0:05:00], next run at: 2026-10-06 02:32:34 UTC)" executed successfully
2026-10-06 04:28:34,174 | INFO     | apscheduler.executors.default | Running job "job_check_crypto (trigger: interval[0:02:00], next run at: 2026-10-06 02:30:34 UTC)" (scheduled at 2026-10-06 02:28:34.173828+00:00)
2026-10-06 04:28:34,175 | INFO     | apscheduler.executors.default | Job "job_check_crypto (trigger: interval[0:02:00], next run at: 2026-10-06 02:30:34 UTC)" executed successfully
2026-10-06 04:30:34,176 | INFO     | apscheduler.executors.default | Running job "job_check_crypto (trigger: interval[0:02:00], next run at: 2026-10-06 02:32:34 UTC)" (scheduled at 2026-10-06 02:30:34.173828+00:00)
2026-10-06 04:30:34,180 | INFO     | apscheduler.executors.default | Job "job_check_crypto (trigger: interval[0:02:00], next run at: 2026-10-06 02:32:34 UTC)" executed successfully
2026-10-06 04:32:34,176 | INFO     | apscheduler.executors.default | Running job "job_expire_subscriptions (trigger: interval[0:10:00], next run at: 2026-10-06 02:42:34 UTC)" (scheduled at 2026-10-06 02:32:34.173696+00:00)
2026-10-06 04:32:34,182 | INFO     | apscheduler.executors.default | Running job "job_expire_orders (trigger: interval[0:05:00], next run at: 2026-10-06 02:37:34 UTC)" (scheduled at 2026-10-06 02:32:34.173797+00:00)
2026-10-06 04:32:34,184 | INFO     | apscheduler.executors.default | Running job "job_check_crypto (trigger: interval[0:02:00], next run at: 2026-10-06 02:34:34 UTC)" (scheduled at 2026-10-06 02:32:34.173828+00:00)
2026-10-06 04:32:34,184 | INFO     | apscheduler.executors.default | Job "job_check_crypto (trigger: interval[0:02:00], next run at: 2026-10-06 02:34:34 UTC)" executed successfully
2026-10-06 04:32:34,184 | INFO     | apscheduler.executors.default | Running job "job_autopay (trigger: interval[0:05:00], next run at: 2026-10-06 02:37:34 UTC)" (scheduled at 2026-10-06 02:32:34.173855+00:00)
2026-10-06 04:32:34,184 | INFO     | apscheduler.executors.default | Job "job_autopay (trigger: interval[0:05:00], next run at: 2026-10-06 02:37:34 UTC)" executed successfully
2026-10-06 04:32:34,184 | INFO     | apscheduler.executors.default | Running job "job_node_health (trigger: interval[0:05:00], next run at: 2026-10-06 02:37:34 UTC)" (scheduled at 2026-10-06 02:32:34.173878+00:00)
2026-10-06 04:32:34,184 | INFO     | apscheduler.executors.default | Job "job_node_health (trigger: interval[0:05:00], next run at: 2026-10-06 02:37:34 UTC)" executed successfully
2026-10-06 04:32:34,188 | INFO     | apscheduler.executors.default | Job "job_expire_subscriptions (trigger: interval[0:10:00], next run at: 2026-10-06 02:42:34 UTC)" executed successfully
2026-10-06 04:32:34,188 | INFO     | apscheduler.executors.default | Job "job_expire_orders (trigger: interval[0:05:00], next run at: 2026-10-06 02:37:34 UTC)" executed successfully
2026-10-06 04:34:34,175 | INFO     | apscheduler.executors.default | Running job "job_check_crypto (trigger: interval[0:02:00], next run at: 2026-10-06 02:36:34 UTC)" (scheduled at 2026-10-06 02:34:34.173828+00:00)
2026-10-06 04:34:34,176 | INFO     | apscheduler.executors.default | Job "job_check_crypto (trigger: interval[0:02:00], next run at: 2026-10-06 02:36:34 UTC)" executed successfully
2026-10-06 04:36:34,177 | INFO     | apscheduler.executors.default | Running job "job_check_crypto (trigger: interval[0:02:00], next run at: 2026-10-06 02:38:34 UTC)" (scheduled at 2026-10-06 02:36:34.173828+00:00)
2026-10-06 04:36:34,180 | INFO     | apscheduler.executors.default | Job "job_check_crypto (trigger: interval[0:02:00], next run at: 2026-10-06 02:38:34 UTC)" executed successfully
2026-10-06 04:37:34,176 | INFO     | apscheduler.executors.default | Running job "job_expire_orders (trigger: interval[0:05:00], next run at: 2026-10-06 02:42:34 UTC)" (scheduled at 2026-10-06 02:37:34.173797+00:00)
2026-10-06 04:37:34,182 | INFO     | apscheduler.executors.default | Running job "job_autopay (trigger: interval[0:05:00], next run at: 2026-10-06 02:42:34 UTC)" (scheduled at 2026-10-06 02:37:34.173855+00:00)
2026-10-06 04:37:34,183 | INFO     | apscheduler.executors.default | Job "job_autopay (trigger: interval[0:05:00], next run at: 2026-10-06 02:42:34 UTC)" executed successfully
2026-10-06 04:37:34,183 | INFO     | apscheduler.executors.default | Running job "job_node_health (trigger: interval[0:05:00], next run at: 2026-10-06 02:42:34 UTC)" (scheduled at 2026-10-06 02:37:34.173878+00:00)
2026-10-06 04:37:34,183 | INFO     | apscheduler.executors.default | Job "job_node_health (trigger: interval[0:05:00], next run at: 2026-10-06 02:42:34 UTC)" executed successfully
2026-10-06 04:37:34,186 | INFO     | apscheduler.executors.default | Job "job_expire_orders (trigger: interval[0:05:00], next run at: 2026-10-06 02:42:34 UTC)" executed successfully
2026-10-06 04:38:34,176 | INFO     | apscheduler.executors.default | Running job "job_check_crypto (trigger: interval[0:02:00], next run at: 2026-10-06 02:40:34 UTC)" (scheduled at 2026-10-06 02:38:34.173828+00:00)
2026-10-06 04:38:34,177 | INFO     | apscheduler.executors.default | Job "job_check_crypto (trigger: interval[0:02:00], next run at: 2026-10-06 02:40:34 UTC)" executed successfully
2026-10-06 04:40:34,177 | INFO     | apscheduler.executors.default | Running job "job_check_crypto (trigger: interval[0:02:00], next run at: 2026-10-06 02:42:34 UTC)" (scheduled at 2026-10-06 02:40:34.173828+00:00)
2026-10-06 04:40:34,178 | INFO     | apscheduler.executors.default | Job "job_check_crypto (trigger: interval[0:02:00], next run at: 2026-10-06 02:42:34 UTC)" executed successfully
2026-10-06 04:42:34,176 | INFO     | apscheduler.executors.default | Running job "job_expire_subscriptions (trigger: interval[0:10:00], next run at: 2026-10-06 02:52:34 UTC)" (scheduled at 2026-10-06 02:42:34.173696+00:00)
2026-10-06 04:42:34,182 | INFO     | apscheduler.executors.default | Running job "job_expire_orders (trigger: interval[0:05:00], next run at: 2026-10-06 02:47:34 UTC)" (scheduled at 2026-10-06 02:42:34.173797+00:00)
2026-10-06 04:42:34,183 | INFO     | apscheduler.executors.default | Running job "job_check_crypto (trigger: interval[0:02:00], next run at: 2026-10-06 02:44:34 UTC)" (scheduled at 2026-10-06 02:42:34.173828+00:00)
2026-10-06 04:42:34,183 | INFO     | apscheduler.executors.default | Job "job_check_crypto (trigger: interval[0:02:00], next run at: 2026-10-06 02:44:34 UTC)" executed successfully
2026-10-06 04:42:34,183 | INFO     | apscheduler.executors.default | Running job "job_autopay (trigger: interval[0:05:00], next run at: 2026-10-06 02:47:34 UTC)" (scheduled at 2026-10-06 02:42:34.173855+00:00)
2026-10-06 04:42:34,184 | INFO     | apscheduler.executors.default | Job "job_autopay (trigger: interval[0:05:00], next run at: 2026-10-06 02:47:34 UTC)" executed successfully
2026-10-06 04:42:34,184 | INFO     | apscheduler.executors.default | Running job "job_node_health (trigger: interval[0:05:00], next run at: 2026-10-06 02:47:34 UTC)" (scheduled at 2026-10-06 02:42:34.173878+00:00)
2026-10-06 04:42:34,184 | INFO     | apscheduler.executors.default | Job "job_node_health (trigger: interval[0:05:00], next run at: 2026-10-06 02:47:34 UTC)" executed successfully
2026-10-06 04:42:34,187 | INFO     | apscheduler.executors.default | Job "job_expire_subscriptions (trigger: interval[0:10:00], next run at: 2026-10-06 02:52:34 UTC)" executed successfully
2026-10-06 04:42:34,187 | INFO     | apscheduler.executors.default | Job "job_expire_orders (trigger: interval[0:05:00], next run at: 2026-10-06 02:47:34 UTC)" executed successfully
2026-10-06 04:44:34,177 | INFO     | apscheduler.executors.default | Running job "job_check_crypto (trigger: interval[0:02:00], next run at: 2026-10-06 02:46:34 UTC)" (scheduled at 2026-10-06 02:44:34.173828+00:00)
2026-10-06 04:44:34,178 | INFO     | apscheduler.executors.default | Job "job_check_crypto (trigger: interval[0:02:00], next run at: 2026-10-06 02:46:34 UTC)" executed successfully
2026-10-06 04:46:34,174 | INFO     | apscheduler.executors.default | Running job "job_check_crypto (trigger: interval[0:02:00], next run at: 2026-10-06 02:48:34 UTC)" (scheduled at 2026-10-06 02:46:34.173828+00:00)
2026-10-06 04:46:34,175 | INFO     | apscheduler.executors.default | Job "job_check_crypto (trigger: interval[0:02:00], next run at: 2026-10-06 02:48:34 UTC)" executed successfully
2026-10-06 04:47:34,176 | INFO     | apscheduler.executors.default | Running job "job_expire_orders (trigger: interval[0:05:00], next run at: 2026-10-06 02:52:34 UTC)" (scheduled at 2026-10-06 02:47:34.173797+00:00)
2026-10-06 04:47:34,183 | INFO     | apscheduler.executors.default | Running job "job_autopay (trigger: interval[0:05:00], next run at: 2026-10-06 02:52:34 UTC)" (scheduled at 2026-10-06 02:47:34.173855+00:00)
2026-10-06 04:47:34,183 | INFO     | apscheduler.executors.default | Job "job_autopay (trigger: interval[0:05:00], next run at: 2026-10-06 02:52:34 UTC)" executed successfully
2026-10-06 04:47:34,183 | INFO     | apscheduler.executors.default | Running job "job_node_health (trigger: interval[0:05:00], next run at: 2026-10-06 02:52:34 UTC)" (scheduled at 2026-10-06 02:47:34.173878+00:00)
2026-10-06 04:47:34,184 | INFO     | apscheduler.executors.default | Job "job_node_health (trigger: interval[0:05:00], next run at: 2026-10-06 02:52:34 UTC)" executed successfully
2026-10-06 04:47:34,186 | INFO     | apscheduler.executors.default | Job "job_expire_orders (trigger: interval[0:05:00], next run at: 2026-10-06 02:52:34 UTC)" executed successfully
2026-10-06 04:48:34,175 | INFO     | apscheduler.executors.default | Running job "job_check_crypto (trigger: interval[0:02:00], next run at: 2026-10-06 02:50:34 UTC)" (scheduled at 2026-10-06 02:48:34.173828+00:00)
2026-10-06 04:48:34,175 | INFO     | apscheduler.executors.default | Job "job_check_crypto (trigger: interval[0:02:00], next run at: 2026-10-06 02:50:34 UTC)" executed successfully
2026-10-06 04:50:34,174 | INFO     | apscheduler.executors.default | Running job "job_check_crypto (trigger: interval[0:02:00], next run at: 2026-10-06 02:52:34 UTC)" (scheduled at 2026-10-06 02:50:34.173828+00:00)
2026-10-06 04:50:34,175 | INFO     | apscheduler.executors.default | Job "job_check_crypto (trigger: interval[0:02:00], next run at: 2026-10-06 02:52:34 UTC)" executed successfully
2026-10-06 04:52:34,175 | INFO     | apscheduler.executors.default | Running job "job_expire_subscriptions (trigger: interval[0:10:00], next run at: 2026-10-06 03:02:34 UTC)" (scheduled at 2026-10-06 02:52:34.173696+00:00)
2026-10-06 04:52:34,178 | INFO     | apscheduler.executors.default | Running job "job_expire_orders (trigger: interval[0:05:00], next run at: 2026-10-06 02:57:34 UTC)" (scheduled at 2026-10-06 02:52:34.173797+00:00)
2026-10-06 04:52:34,179 | INFO     | apscheduler.executors.default | Running job "job_check_crypto (trigger: interval[0:02:00], next run at: 2026-10-06 02:54:34 UTC)" (scheduled at 2026-10-06 02:52:34.173828+00:00)
2026-10-06 04:52:34,179 | INFO     | apscheduler.executors.default | Job "job_check_crypto (trigger: interval[0:02:00], next run at: 2026-10-06 02:54:34 UTC)" executed successfully
2026-10-06 04:52:34,179 | INFO     | apscheduler.executors.default | Running job "job_autopay (trigger: interval[0:05:00], next run at: 2026-10-06 02:57:34 UTC)" (scheduled at 2026-10-06 02:52:34.173855+00:00)
2026-10-06 04:52:34,179 | INFO     | apscheduler.executors.default | Job "job_autopay (trigger: interval[0:05:00], next run at: 2026-10-06 02:57:34 UTC)" executed successfully
2026-10-06 04:52:34,179 | INFO     | apscheduler.executors.default | Running job "job_node_health (trigger: interval[0:05:00], next run at: 2026-10-06 02:57:34 UTC)" (scheduled at 2026-10-06 02:52:34.173878+00:00)
2026-10-06 04:52:34,179 | INFO     | apscheduler.executors.default | Job "job_node_health (trigger: interval[0:05:00], next run at: 2026-10-06 02:57:34 UTC)" executed successfully
2026-10-06 04:52:34,182 | INFO     | apscheduler.executors.default | Job "job_expire_subscriptions (trigger: interval[0:10:00], next run at: 2026-10-06 03:02:34 UTC)" executed successfully
2026-10-06 04:52:34,182 | INFO     | apscheduler.executors.default | Job "job_expire_orders (trigger: interval[0:05:00], next run at: 2026-10-06 02:57:34 UTC)" executed successfully
2026-10-06 04:54:34,176 | INFO     | apscheduler.executors.default | Running job "job_check_crypto (trigger: interval[0:02:00], next run at: 2026-10-06 02:56:34 UTC)" (scheduled at 2026-10-06 02:54:34.173828+00:00)
2026-10-06 04:54:34,176 | INFO     | apscheduler.executors.default | Job "job_check_crypto (trigger: interval[0:02:00], next run at: 2026-10-06 02:56:34 UTC)" executed successfully
2026-10-06 04:56:34,175 | INFO     | apscheduler.executors.default | Running job "job_check_crypto (trigger: interval[0:02:00], next run at: 2026-10-06 02:58:34 UTC)" (scheduled at 2026-10-06 02:56:34.173828+00:00)
2026-10-06 04:56:34,177 | INFO     | apscheduler.executors.default | Job "job_check_crypto (trigger: interval[0:02:00], next run at: 2026-10-06 02:58:34 UTC)" executed successfully
2026-10-06 04:57:34,175 | INFO     | apscheduler.executors.default | Running job "job_expire_orders (trigger: interval[0:05:00], next run at: 2026-10-06 03:02:34 UTC)" (scheduled at 2026-10-06 02:57:34.173797+00:00)
2026-10-06 04:57:34,177 | INFO     | apscheduler.executors.default | Running job "job_autopay (trigger: interval[0:05:00], next run at: 2026-10-06 03:02:34 UTC)" (scheduled at 2026-10-06 02:57:34.173855+00:00)
2026-10-06 04:57:34,177 | INFO     | apscheduler.executors.default | Job "job_autopay (trigger: interval[0:05:00], next run at: 2026-10-06 03:02:34 UTC)" executed successfully
2026-10-06 04:57:34,177 | INFO     | apscheduler.executors.default | Running job "job_node_health (trigger: interval[0:05:00], next run at: 2026-10-06 03:02:34 UTC)" (scheduled at 2026-10-06 02:57:34.173878+00:00)
2026-10-06 04:57:34,177 | INFO     | apscheduler.executors.default | Job "job_node_health (trigger: interval[0:05:00], next run at: 2026-10-06 03:02:34 UTC)" executed successfully
2026-10-06 04:57:34,179 | INFO     | apscheduler.executors.default | Job "job_expire_orders (trigger: interval[0:05:00], next run at: 2026-10-06 03:02:34 UTC)" executed successfully
2026-10-06 04:58:34,174 | INFO     | apscheduler.executors.default | Running job "job_check_crypto (trigger: interval[0:02:00], next run at: 2026-10-06 03:00:34 UTC)" (scheduled at 2026-10-06 02:58:34.173828+00:00)
2026-10-06 04:58:34,175 | INFO     | apscheduler.executors.default | Job "job_check_crypto (trigger: interval[0:02:00], next run at: 2026-10-06 03:00:34 UTC)" executed successfully
2026-10-06 05:00:34,176 | INFO     | apscheduler.executors.default | Running job "job_check_crypto (trigger: interval[0:02:00], next run at: 2026-10-06 03:02:34 UTC)" (scheduled at 2026-10-06 03:00:34.173828+00:00)
2026-10-06 05:00:34,177 | INFO     | apscheduler.executors.default | Job "job_check_crypto (trigger: interval[0:02:00], next run at: 2026-10-06 03:02:34 UTC)" executed successfully
2026-10-06 05:02:34,177 | INFO     | apscheduler.executors.default | Running job "job_expire_subscriptions (trigger: interval[0:10:00], next run at: 2026-10-06 03:12:34 UTC)" (scheduled at 2026-10-06 03:02:34.173696+00:00)
2026-10-06 05:02:34,187 | INFO     | apscheduler.executors.default | Running job "job_reminders (trigger: interval[1:00:00], next run at: 2026-10-06 04:02:34 UTC)" (scheduled at 2026-10-06 03:02:34.173759+00:00)
2026-10-06 05:02:34,189 | INFO     | apscheduler.executors.default | Running job "job_expire_orders (trigger: interval[0:05:00], next run at: 2026-10-06 03:07:34 UTC)" (scheduled at 2026-10-06 03:02:34.173797+00:00)
2026-10-06 05:02:34,190 | INFO     | apscheduler.executors.default | Running job "job_check_crypto (trigger: interval[0:02:00], next run at: 2026-10-06 03:04:34 UTC)" (scheduled at 2026-10-06 03:02:34.173828+00:00)
2026-10-06 05:02:34,190 | INFO     | apscheduler.executors.default | Job "job_check_crypto (trigger: interval[0:02:00], next run at: 2026-10-06 03:04:34 UTC)" executed successfully
2026-10-06 05:02:34,190 | INFO     | apscheduler.executors.default | Running job "job_autopay (trigger: interval[0:05:00], next run at: 2026-10-06 03:07:34 UTC)" (scheduled at 2026-10-06 03:02:34.173855+00:00)
2026-10-06 05:02:34,190 | INFO     | apscheduler.executors.default | Job "job_autopay (trigger: interval[0:05:00], next run at: 2026-10-06 03:07:34 UTC)" executed successfully
2026-10-06 05:02:34,190 | INFO     | apscheduler.executors.default | Running job "job_node_health (trigger: interval[0:05:00], next run at: 2026-10-06 03:07:34 UTC)" (scheduled at 2026-10-06 03:02:34.173878+00:00)
2026-10-06 05:02:34,191 | INFO     | apscheduler.executors.default | Job "job_node_health (trigger: interval[0:05:00], next run at: 2026-10-06 03:07:34 UTC)" executed successfully
2026-10-06 05:02:34,201 | INFO     | apscheduler.executors.default | Job "job_expire_orders (trigger: interval[0:05:00], next run at: 2026-10-06 03:07:34 UTC)" executed successfully
2026-10-06 05:02:34,201 | INFO     | apscheduler.executors.default | Job "job_expire_subscriptions (trigger: interval[0:10:00], next run at: 2026-10-06 03:12:34 UTC)" executed successfully
2026-10-06 05:02:34,201 | INFO     | apscheduler.executors.default | Job "job_reminders (trigger: interval[1:00:00], next run at: 2026-10-06 04:02:34 UTC)" executed successfully
2026-10-06 05:04:34,175 | INFO     | apscheduler.executors.default | Running job "job_check_crypto (trigger: interval[0:02:00], next run at: 2026-10-06 03:06:34 UTC)" (scheduled at 2026-10-06 03:04:34.173828+00:00)
2026-10-06 05:04:34,176 | INFO     | apscheduler.executors.default | Job "job_check_crypto (trigger: interval[0:02:00], next run at: 2026-10-06 03:06:34 UTC)" executed successfully
2026-10-06 05:06:34,176 | INFO     | apscheduler.executors.default | Running job "job_check_crypto (trigger: interval[0:02:00], next run at: 2026-10-06 03:08:34 UTC)" (scheduled at 2026-10-06 03:06:34.173828+00:00)
2026-10-06 05:06:34,177 | INFO     | apscheduler.executors.default | Job "job_check_crypto (trigger: interval[0:02:00], next run at: 2026-10-06 03:08:34 UTC)" executed successfully
2026-10-06 05:07:34,176 | INFO     | apscheduler.executors.default | Running job "job_expire_orders (trigger: interval[0:05:00], next run at: 2026-10-06 03:12:34 UTC)" (scheduled at 2026-10-06 03:07:34.173797+00:00)
2026-10-06 05:07:34,182 | INFO     | apscheduler.executors.default | Running job "job_autopay (trigger: interval[0:05:00], next run at: 2026-10-06 03:12:34 UTC)" (scheduled at 2026-10-06 03:07:34.173855+00:00)
2026-10-06 05:07:34,182 | INFO     | apscheduler.executors.default | Job "job_autopay (trigger: interval[0:05:00], next run at: 2026-10-06 03:12:34 UTC)" executed successfully
2026-10-06 05:07:34,182 | INFO     | apscheduler.executors.default | Running job "job_node_health (trigger: interval[0:05:00], next run at: 2026-10-06 03:12:34 UTC)" (scheduled at 2026-10-06 03:07:34.173878+00:00)
2026-10-06 05:07:34,182 | INFO     | apscheduler.executors.default | Job "job_node_health (trigger: interval[0:05:00], next run at: 2026-10-06 03:12:34 UTC)" executed successfully
2026-10-06 05:07:34,186 | INFO     | apscheduler.executors.default | Job "job_expire_orders (trigger: interval[0:05:00], next run at: 2026-10-06 03:12:34 UTC)" executed successfully
2026-10-06 05:08:34,176 | INFO     | apscheduler.executors.default | Running job "job_check_crypto (trigger: interval[0:02:00], next run at: 2026-10-06 03:10:34 UTC)" (scheduled at 2026-10-06 03:08:34.173828+00:00)
2026-10-06 05:08:34,177 | INFO     | apscheduler.executors.default | Job "job_check_crypto (trigger: interval[0:02:00], next run at: 2026-10-06 03:10:34 UTC)" executed successfully
2026-10-06 05:10:34,176 | INFO     | apscheduler.executors.default | Running job "job_check_crypto (trigger: interval[0:02:00], next run at: 2026-10-06 03:12:34 UTC)" (scheduled at 2026-10-06 03:10:34.173828+00:00)
2026-10-06 05:10:34,176 | INFO     | apscheduler.executors.default | Job "job_check_crypto (trigger: interval[0:02:00], next run at: 2026-10-06 03:12:34 UTC)" executed successfully
2026-10-06 05:12:34,176 | INFO     | apscheduler.executors.default | Running job "job_expire_subscriptions (trigger: interval[0:10:00], next run at: 2026-10-06 03:22:34 UTC)" (scheduled at 2026-10-06 03:12:34.173696+00:00)
2026-10-06 05:12:34,182 | INFO     | apscheduler.executors.default | Running job "job_expire_orders (trigger: interval[0:05:00], next run at: 2026-10-06 03:17:34 UTC)" (scheduled at 2026-10-06 03:12:34.173797+00:00)
2026-10-06 05:12:34,183 | INFO     | apscheduler.executors.default | Running job "job_check_crypto (trigger: interval[0:02:00], next run at: 2026-10-06 03:14:34 UTC)" (scheduled at 2026-10-06 03:12:34.173828+00:00)
2026-10-06 05:12:34,183 | INFO     | apscheduler.executors.default | Job "job_check_crypto (trigger: interval[0:02:00], next run at: 2026-10-06 03:14:34 UTC)" executed successfully
2026-10-06 05:12:34,184 | INFO     | apscheduler.executors.default | Running job "job_autopay (trigger: interval[0:05:00], next run at: 2026-10-06 03:17:34 UTC)" (scheduled at 2026-10-06 03:12:34.173855+00:00)
2026-10-06 05:12:34,184 | INFO     | apscheduler.executors.default | Job "job_autopay (trigger: interval[0:05:00], next run at: 2026-10-06 03:17:34 UTC)" executed successfully
2026-10-06 05:12:34,184 | INFO     | apscheduler.executors.default | Running job "job_node_health (trigger: interval[0:05:00], next run at: 2026-10-06 03:17:34 UTC)" (scheduled at 2026-10-06 03:12:34.173878+00:00)
2026-10-06 05:12:34,184 | INFO     | apscheduler.executors.default | Job "job_node_health (trigger: interval[0:05:00], next run at: 2026-10-06 03:17:34 UTC)" executed successfully
2026-10-06 05:12:34,188 | INFO     | apscheduler.executors.default | Job "job_expire_orders (trigger: interval[0:05:00], next run at: 2026-10-06 03:17:34 UTC)" executed successfully
2026-10-06 05:12:34,188 | INFO     | apscheduler.executors.default | Job "job_expire_subscriptions (trigger: interval[0:10:00], next run at: 2026-10-06 03:22:34 UTC)" executed successfully
2026-10-06 05:14:34,178 | INFO     | apscheduler.executors.default | Running job "job_check_crypto (trigger: interval[0:02:00], next run at: 2026-10-06 03:16:34 UTC)" (scheduled at 2026-10-06 03:14:34.173828+00:00)
2026-10-06 05:14:34,179 | INFO     | apscheduler.executors.default | Job "job_check_crypto (trigger: interval[0:02:00], next run at: 2026-10-06 03:16:34 UTC)" executed successfully
2026-10-06 05:16:34,175 | INFO     | apscheduler.executors.default | Running job "job_check_crypto (trigger: interval[0:02:00], next run at: 2026-10-06 03:18:34 UTC)" (scheduled at 2026-10-06 03:16:34.173828+00:00)
2026-10-06 05:16:34,176 | INFO     | apscheduler.executors.default | Job "job_check_crypto (trigger: interval[0:02:00], next run at: 2026-10-06 03:18:34 UTC)" executed successfully
2026-10-06 05:17:34,174 | INFO     | apscheduler.executors.default | Running job "job_expire_orders (trigger: interval[0:05:00], next run at: 2026-10-06 03:22:34 UTC)" (scheduled at 2026-10-06 03:17:34.173797+00:00)
2026-10-06 05:17:34,181 | INFO     | apscheduler.executors.default | Running job "job_autopay (trigger: interval[0:05:00], next run at: 2026-10-06 03:22:34 UTC)" (scheduled at 2026-10-06 03:17:34.173855+00:00)
2026-10-06 05:17:34,181 | INFO     | apscheduler.executors.default | Job "job_autopay (trigger: interval[0:05:00], next run at: 2026-10-06 03:22:34 UTC)" executed successfully
2026-10-06 05:17:34,181 | INFO     | apscheduler.executors.default | Running job "job_node_health (trigger: interval[0:05:00], next run at: 2026-10-06 03:22:34 UTC)" (scheduled at 2026-10-06 03:17:34.173878+00:00)
2026-10-06 05:17:34,181 | INFO     | apscheduler.executors.default | Job "job_node_health (trigger: interval[0:05:00], next run at: 2026-10-06 03:22:34 UTC)" executed successfully
2026-10-06 05:17:34,184 | INFO     | apscheduler.executors.default | Job "job_expire_orders (trigger: interval[0:05:00], next run at: 2026-10-06 03:22:34 UTC)" executed successfully
2026-10-06 05:18:34,176 | INFO     | apscheduler.executors.default | Running job "job_check_crypto (trigger: interval[0:02:00], next run at: 2026-10-06 03:20:34 UTC)" (scheduled at 2026-10-06 03:18:34.173828+00:00)
2026-10-06 05:18:34,178 | INFO     | apscheduler.executors.default | Job "job_check_crypto (trigger: interval[0:02:00], next run at: 2026-10-06 03:20:34 UTC)" executed successfully
2026-10-06 05:20:34,176 | INFO     | apscheduler.executors.default | Running job "job_check_crypto (trigger: interval[0:02:00], next run at: 2026-10-06 03:22:34 UTC)" (scheduled at 2026-10-06 03:20:34.173828+00:00)
2026-10-06 05:20:34,177 | INFO     | apscheduler.executors.default | Job "job_check_crypto (trigger: interval[0:02:00], next run at: 2026-10-06 03:22:34 UTC)" executed successfully
2026-10-06 05:22:34,175 | INFO     | apscheduler.executors.default | Running job "job_expire_subscriptions (trigger: interval[0:10:00], next run at: 2026-10-06 03:32:34 UTC)" (scheduled at 2026-10-06 03:22:34.173696+00:00)
2026-10-06 05:22:34,181 | INFO     | apscheduler.executors.default | Running job "job_expire_orders (trigger: interval[0:05:00], next run at: 2026-10-06 03:27:34 UTC)" (scheduled at 2026-10-06 03:22:34.173797+00:00)
2026-10-06 05:22:34,182 | INFO     | apscheduler.executors.default | Running job "job_check_crypto (trigger: interval[0:02:00], next run at: 2026-10-06 03:24:34 UTC)" (scheduled at 2026-10-06 03:22:34.173828+00:00)
2026-10-06 05:22:34,183 | INFO     | apscheduler.executors.default | Job "job_check_crypto (trigger: interval[0:02:00], next run at: 2026-10-06 03:24:34 UTC)" executed successfully
2026-10-06 05:22:34,183 | INFO     | apscheduler.executors.default | Running job "job_autopay (trigger: interval[0:05:00], next run at: 2026-10-06 03:27:34 UTC)" (scheduled at 2026-10-06 03:22:34.173855+00:00)
2026-10-06 05:22:34,183 | INFO     | apscheduler.executors.default | Job "job_autopay (trigger: interval[0:05:00], next run at: 2026-10-06 03:27:34 UTC)" executed successfully
2026-10-06 05:22:34,183 | INFO     | apscheduler.executors.default | Running job "job_node_health (trigger: interval[0:05:00], next run at: 2026-10-06 03:27:34 UTC)" (scheduled at 2026-10-06 03:22:34.173878+00:00)
2026-10-06 05:22:34,183 | INFO     | apscheduler.executors.default | Job "job_node_health (trigger: interval[0:05:00], next run at: 2026-10-06 03:27:34 UTC)" executed successfully
2026-10-06 05:22:34,187 | INFO     | apscheduler.executors.default | Job "job_expire_orders (trigger: interval[0:05:00], next run at: 2026-10-06 03:27:34 UTC)" executed successfully
2026-10-06 05:22:34,187 | INFO     | apscheduler.executors.default | Job "job_expire_subscriptions (trigger: interval[0:10:00], next run at: 2026-10-06 03:32:34 UTC)" executed successfully
2026-10-06 05:24:34,177 | INFO     | apscheduler.executors.default | Running job "job_check_crypto (trigger: interval[0:02:00], next run at: 2026-10-06 03:26:34 UTC)" (scheduled at 2026-10-06 03:24:34.173828+00:00)
2026-10-06 05:24:34,179 | INFO     | apscheduler.executors.default | Job "job_check_crypto (trigger: interval[0:02:00], next run at: 2026-10-06 03:26:34 UTC)" executed successfully
2026-10-06 05:26:34,174 | INFO     | apscheduler.executors.default | Running job "job_check_crypto (trigger: interval[0:02:00], next run at: 2026-10-06 03:28:34 UTC)" (scheduled at 2026-10-06 03:26:34.173828+00:00)
2026-10-06 05:26:34,176 | INFO     | apscheduler.executors.default | Job "job_check_crypto (trigger: interval[0:02:00], next run at: 2026-10-06 03:28:34 UTC)" executed successfully
2026-10-06 05:27:34,175 | INFO     | apscheduler.executors.default | Running job "job_expire_orders (trigger: interval[0:05:00], next run at: 2026-10-06 03:32:34 UTC)" (scheduled at 2026-10-06 03:27:34.173797+00:00)
2026-10-06 05:27:34,181 | INFO     | apscheduler.executors.default | Running job "job_autopay (trigger: interval[0:05:00], next run at: 2026-10-06 03:32:34 UTC)" (scheduled at 2026-10-06 03:27:34.173855+00:00)
2026-10-06 05:27:34,181 | INFO     | apscheduler.executors.default | Job "job_autopay (trigger: interval[0:05:00], next run at: 2026-10-06 03:32:34 UTC)" executed successfully
2026-10-06 05:27:34,181 | INFO     | apscheduler.executors.default | Running job "job_node_health (trigger: interval[0:05:00], next run at: 2026-10-06 03:32:34 UTC)" (scheduled at 2026-10-06 03:27:34.173878+00:00)
2026-10-06 05:27:34,182 | INFO     | apscheduler.executors.default | Job "job_node_health (trigger: interval[0:05:00], next run at: 2026-10-06 03:32:34 UTC)" executed successfully
2026-10-06 05:27:34,184 | INFO     | apscheduler.executors.default | Job "job_expire_orders (trigger: interval[0:05:00], next run at: 2026-10-06 03:32:34 UTC)" executed successfully
2026-10-06 05:28:34,174 | INFO     | apscheduler.executors.default | Running job "job_check_crypto (trigger: interval[0:02:00], next run at: 2026-10-06 03:30:34 UTC)" (scheduled at 2026-10-06 03:28:34.173828+00:00)
2026-10-06 05:28:34,175 | INFO     | apscheduler.executors.default | Job "job_check_crypto (trigger: interval[0:02:00], next run at: 2026-10-06 03:30:34 UTC)" executed successfully
2026-10-06 05:30:34,177 | INFO     | apscheduler.executors.default | Running job "job_check_crypto (trigger: interval[0:02:00], next run at: 2026-10-06 03:32:34 UTC)" (scheduled at 2026-10-06 03:30:34.173828+00:00)
2026-10-06 05:30:34,178 | INFO     | apscheduler.executors.default | Job "job_check_crypto (trigger: interval[0:02:00], next run at: 2026-10-06 03:32:34 UTC)" executed successfully
2026-10-06 05:32:34,176 | INFO     | apscheduler.executors.default | Running job "job_expire_subscriptions (trigger: interval[0:10:00], next run at: 2026-10-06 03:42:34 UTC)" (scheduled at 2026-10-06 03:32:34.173696+00:00)
2026-10-06 05:32:34,184 | INFO     | apscheduler.executors.default | Running job "job_expire_orders (trigger: interval[0:05:00], next run at: 2026-10-06 03:37:34 UTC)" (scheduled at 2026-10-06 03:32:34.173797+00:00)
2026-10-06 05:32:34,185 | INFO     | apscheduler.executors.default | Running job "job_check_crypto (trigger: interval[0:02:00], next run at: 2026-10-06 03:34:34 UTC)" (scheduled at 2026-10-06 03:32:34.173828+00:00)
2026-10-06 05:32:34,186 | INFO     | apscheduler.executors.default | Job "job_check_crypto (trigger: interval[0:02:00], next run at: 2026-10-06 03:34:34 UTC)" executed successfully
2026-10-06 05:32:34,186 | INFO     | apscheduler.executors.default | Running job "job_autopay (trigger: interval[0:05:00], next run at: 2026-10-06 03:37:34 UTC)" (scheduled at 2026-10-06 03:32:34.173855+00:00)
2026-10-06 05:32:34,186 | INFO     | apscheduler.executors.default | Job "job_autopay (trigger: interval[0:05:00], next run at: 2026-10-06 03:37:34 UTC)" executed successfully
2026-10-06 05:32:34,186 | INFO     | apscheduler.executors.default | Running job "job_node_health (trigger: interval[0:05:00], next run at: 2026-10-06 03:37:34 UTC)" (scheduled at 2026-10-06 03:32:34.173878+00:00)
2026-10-06 05:32:34,186 | INFO     | apscheduler.executors.default | Job "job_node_health (trigger: interval[0:05:00], next run at: 2026-10-06 03:37:34 UTC)" executed successfully
2026-10-06 05:32:34,195 | INFO     | apscheduler.executors.default | Job "job_expire_orders (trigger: interval[0:05:00], next run at: 2026-10-06 03:37:34 UTC)" executed successfully
2026-10-06 05:32:34,195 | INFO     | apscheduler.executors.default | Job "job_expire_subscriptions (trigger: interval[0:10:00], next run at: 2026-10-06 03:42:34 UTC)" executed successfully
2026-10-06 05:34:34,177 | INFO     | apscheduler.executors.default | Running job "job_check_crypto (trigger: interval[0:02:00], next run at: 2026-10-06 03:36:34 UTC)" (scheduled at 2026-10-06 03:34:34.173828+00:00)
2026-10-06 05:34:34,178 | INFO     | apscheduler.executors.default | Job "job_check_crypto (trigger: interval[0:02:00], next run at: 2026-10-06 03:36:34 UTC)" executed successfully
2026-10-06 05:36:34,176 | INFO     | apscheduler.executors.default | Running job "job_check_crypto (trigger: interval[0:02:00], next run at: 2026-10-06 03:38:34 UTC)" (scheduled at 2026-10-06 03:36:34.173828+00:00)
2026-10-06 05:36:34,177 | INFO     | apscheduler.executors.default | Job "job_check_crypto (trigger: interval[0:02:00], next run at: 2026-10-06 03:38:34 UTC)" executed successfully
2026-10-06 05:37:34,176 | INFO     | apscheduler.executors.default | Running job "job_expire_orders (trigger: interval[0:05:00], next run at: 2026-10-06 03:42:34 UTC)" (scheduled at 2026-10-06 03:37:34.173797+00:00)
2026-10-06 05:37:34,181 | INFO     | apscheduler.executors.default | Running job "job_autopay (trigger: interval[0:05:00], next run at: 2026-10-06 03:42:34 UTC)" (scheduled at 2026-10-06 03:37:34.173855+00:00)
2026-10-06 05:37:34,182 | INFO     | apscheduler.executors.default | Job "job_autopay (trigger: interval[0:05:00], next run at: 2026-10-06 03:42:34 UTC)" executed successfully
2026-10-06 05:37:34,182 | INFO     | apscheduler.executors.default | Running job "job_node_health (trigger: interval[0:05:00], next run at: 2026-10-06 03:42:34 UTC)" (scheduled at 2026-10-06 03:37:34.173878+00:00)
2026-10-06 05:37:34,182 | INFO     | apscheduler.executors.default | Job "job_node_health (trigger: interval[0:05:00], next run at: 2026-10-06 03:42:34 UTC)" executed successfully
2026-10-06 05:37:34,186 | INFO     | apscheduler.executors.default | Job "job_expire_orders (trigger: interval[0:05:00], next run at: 2026-10-06 03:42:34 UTC)" executed successfully
2026-10-06 05:38:34,176 | INFO     | apscheduler.executors.default | Running job "job_check_crypto (trigger: interval[0:02:00], next run at: 2026-10-06 03:40:34 UTC)" (scheduled at 2026-10-06 03:38:34.173828+00:00)
2026-10-06 05:38:34,180 | INFO     | apscheduler.executors.default | Job "job_check_crypto (trigger: interval[0:02:00], next run at: 2026-10-06 03:40:34 UTC)" executed successfully
2026-10-06 05:40:34,176 | INFO     | apscheduler.executors.default | Running job "job_check_crypto (trigger: interval[0:02:00], next run at: 2026-10-06 03:42:34 UTC)" (scheduled at 2026-10-06 03:40:34.173828+00:00)
2026-10-06 05:40:34,177 | INFO     | apscheduler.executors.default | Job "job_check_crypto (trigger: interval[0:02:00], next run at: 2026-10-06 03:42:34 UTC)" executed successfully
2026-10-06 05:42:34,175 | INFO     | apscheduler.executors.default | Running job "job_expire_subscriptions (trigger: interval[0:10:00], next run at: 2026-10-06 03:52:34 UTC)" (scheduled at 2026-10-06 03:42:34.173696+00:00)
2026-10-06 05:42:34,181 | INFO     | apscheduler.executors.default | Running job "job_expire_orders (trigger: interval[0:05:00], next run at: 2026-10-06 03:47:34 UTC)" (scheduled at 2026-10-06 03:42:34.173797+00:00)
2026-10-06 05:42:34,182 | INFO     | apscheduler.executors.default | Running job "job_check_crypto (trigger: interval[0:02:00], next run at: 2026-10-06 03:44:34 UTC)" (scheduled at 2026-10-06 03:42:34.173828+00:00)
2026-10-06 05:42:34,182 | INFO     | apscheduler.executors.default | Job "job_check_crypto (trigger: interval[0:02:00], next run at: 2026-10-06 03:44:34 UTC)" executed successfully
2026-10-06 05:42:34,182 | INFO     | apscheduler.executors.default | Running job "job_autopay (trigger: interval[0:05:00], next run at: 2026-10-06 03:47:34 UTC)" (scheduled at 2026-10-06 03:42:34.173855+00:00)
2026-10-06 05:42:34,182 | INFO     | apscheduler.executors.default | Job "job_autopay (trigger: interval[0:05:00], next run at: 2026-10-06 03:47:34 UTC)" executed successfully
2026-10-06 05:42:34,182 | INFO     | apscheduler.executors.default | Running job "job_node_health (trigger: interval[0:05:00], next run at: 2026-10-06 03:47:34 UTC)" (scheduled at 2026-10-06 03:42:34.173878+00:00)
2026-10-06 05:42:34,182 | INFO     | apscheduler.executors.default | Job "job_node_health (trigger: interval[0:05:00], next run at: 2026-10-06 03:47:34 UTC)" executed successfully
2026-10-06 05:42:34,186 | INFO     | apscheduler.executors.default | Job "job_expire_orders (trigger: interval[0:05:00], next run at: 2026-10-06 03:47:34 UTC)" executed successfully
2026-10-06 05:42:34,186 | INFO     | apscheduler.executors.default | Job "job_expire_subscriptions (trigger: interval[0:10:00], next run at: 2026-10-06 03:52:34 UTC)" executed successfully
2026-10-06 05:44:34,176 | INFO     | apscheduler.executors.default | Running job "job_check_crypto (trigger: interval[0:02:00], next run at: 2026-10-06 03:46:34 UTC)" (scheduled at 2026-10-06 03:44:34.173828+00:00)
2026-10-06 05:44:34,176 | INFO     | apscheduler.executors.default | Job "job_check_crypto (trigger: interval[0:02:00], next run at: 2026-10-06 03:46:34 UTC)" executed successfully
2026-10-06 05:46:34,177 | INFO     | apscheduler.executors.default | Running job "job_check_crypto (trigger: interval[0:02:00], next run at: 2026-10-06 03:48:34 UTC)" (scheduled at 2026-10-06 03:46:34.173828+00:00)
2026-10-06 05:46:34,178 | INFO     | apscheduler.executors.default | Job "job_check_crypto (trigger: interval[0:02:00], next run at: 2026-10-06 03:48:34 UTC)" executed successfully
2026-10-06 05:47:34,175 | INFO     | apscheduler.executors.default | Running job "job_expire_orders (trigger: interval[0:05:00], next run at: 2026-10-06 03:52:34 UTC)" (scheduled at 2026-10-06 03:47:34.173797+00:00)
2026-10-06 05:47:34,182 | INFO     | apscheduler.executors.default | Running job "job_autopay (trigger: interval[0:05:00], next run at: 2026-10-06 03:52:34 UTC)" (scheduled at 2026-10-06 03:47:34.173855+00:00)
2026-10-06 05:47:34,182 | INFO     | apscheduler.executors.default | Job "job_autopay (trigger: interval[0:05:00], next run at: 2026-10-06 03:52:34 UTC)" executed successfully
2026-10-06 05:47:34,182 | INFO     | apscheduler.executors.default | Running job "job_node_health (trigger: interval[0:05:00], next run at: 2026-10-06 03:52:34 UTC)" (scheduled at 2026-10-06 03:47:34.173878+00:00)
2026-10-06 05:47:34,182 | INFO     | apscheduler.executors.default | Job "job_node_health (trigger: interval[0:05:00], next run at: 2026-10-06 03:52:34 UTC)" executed successfully
2026-10-06 05:47:34,185 | INFO     | apscheduler.executors.default | Job "job_expire_orders (trigger: interval[0:05:00], next run at: 2026-10-06 03:52:34 UTC)" executed successfully
2026-10-06 05:48:34,176 | INFO     | apscheduler.executors.default | Running job "job_check_crypto (trigger: interval[0:02:00], next run at: 2026-10-06 03:50:34 UTC)" (scheduled at 2026-10-06 03:48:34.173828+00:00)
2026-10-06 05:48:34,177 | INFO     | apscheduler.executors.default | Job "job_check_crypto (trigger: interval[0:02:00], next run at: 2026-10-06 03:50:34 UTC)" executed successfully
2026-10-06 05:50:34,176 | INFO     | apscheduler.executors.default | Running job "job_check_crypto (trigger: interval[0:02:00], next run at: 2026-10-06 03:52:34 UTC)" (scheduled at 2026-10-06 03:50:34.173828+00:00)
2026-10-06 05:50:34,177 | INFO     | apscheduler.executors.default | Job "job_check_crypto (trigger: interval[0:02:00], next run at: 2026-10-06 03:52:34 UTC)" executed successfully
2026-10-06 05:52:34,174 | INFO     | apscheduler.executors.default | Running job "job_expire_subscriptions (trigger: interval[0:10:00], next run at: 2026-10-06 04:02:34 UTC)" (scheduled at 2026-10-06 03:52:34.173696+00:00)
2026-10-06 05:52:34,181 | INFO     | apscheduler.executors.default | Running job "job_expire_orders (trigger: interval[0:05:00], next run at: 2026-10-06 03:57:34 UTC)" (scheduled at 2026-10-06 03:52:34.173797+00:00)
2026-10-06 05:52:34,182 | INFO     | apscheduler.executors.default | Running job "job_check_crypto (trigger: interval[0:02:00], next run at: 2026-10-06 03:54:34 UTC)" (scheduled at 2026-10-06 03:52:34.173828+00:00)
2026-10-06 05:52:34,182 | INFO     | apscheduler.executors.default | Job "job_check_crypto (trigger: interval[0:02:00], next run at: 2026-10-06 03:54:34 UTC)" executed successfully
2026-10-06 05:52:34,182 | INFO     | apscheduler.executors.default | Running job "job_autopay (trigger: interval[0:05:00], next run at: 2026-10-06 03:57:34 UTC)" (scheduled at 2026-10-06 03:52:34.173855+00:00)
2026-10-06 05:52:34,182 | INFO     | apscheduler.executors.default | Job "job_autopay (trigger: interval[0:05:00], next run at: 2026-10-06 03:57:34 UTC)" executed successfully
2026-10-06 05:52:34,183 | INFO     | apscheduler.executors.default | Running job "job_node_health (trigger: interval[0:05:00], next run at: 2026-10-06 03:57:34 UTC)" (scheduled at 2026-10-06 03:52:34.173878+00:00)
2026-10-06 05:52:34,183 | INFO     | apscheduler.executors.default | Job "job_node_health (trigger: interval[0:05:00], next run at: 2026-10-06 03:57:34 UTC)" executed successfully
2026-10-06 05:52:34,186 | INFO     | apscheduler.executors.default | Job "job_expire_orders (trigger: interval[0:05:00], next run at: 2026-10-06 03:57:34 UTC)" executed successfully
2026-10-06 05:52:34,186 | INFO     | apscheduler.executors.default | Job "job_expire_subscriptions (trigger: interval[0:10:00], next run at: 2026-10-06 04:02:34 UTC)" executed successfully
2026-10-06 05:54:34,175 | INFO     | apscheduler.executors.default | Running job "job_check_crypto (trigger: interval[0:02:00], next run at: 2026-10-06 03:56:34 UTC)" (scheduled at 2026-10-06 03:54:34.173828+00:00)
2026-10-06 05:54:34,177 | INFO     | apscheduler.executors.default | Job "job_check_crypto (trigger: interval[0:02:00], next run at: 2026-10-06 03:56:34 UTC)" executed successfully
2026-10-06 05:56:34,176 | INFO     | apscheduler.executors.default | Running job "job_check_crypto (trigger: interval[0:02:00], next run at: 2026-10-06 03:58:34 UTC)" (scheduled at 2026-10-06 03:56:34.173828+00:00)
2026-10-06 05:56:34,177 | INFO     | apscheduler.executors.default | Job "job_check_crypto (trigger: interval[0:02:00], next run at: 2026-10-06 03:58:34 UTC)" executed successfully
2026-10-06 05:57:34,176 | INFO     | apscheduler.executors.default | Running job "job_expire_orders (trigger: interval[0:05:00], next run at: 2026-10-06 04:02:34 UTC)" (scheduled at 2026-10-06 03:57:34.173797+00:00)
2026-10-06 05:57:34,182 | INFO     | apscheduler.executors.default | Running job "job_autopay (trigger: interval[0:05:00], next run at: 2026-10-06 04:02:34 UTC)" (scheduled at 2026-10-06 03:57:34.173855+00:00)
2026-10-06 05:57:34,183 | INFO     | apscheduler.executors.default | Job "job_autopay (trigger: interval[0:05:00], next run at: 2026-10-06 04:02:34 UTC)" executed successfully
2026-10-06 05:57:34,183 | INFO     | apscheduler.executors.default | Running job "job_node_health (trigger: interval[0:05:00], next run at: 2026-10-06 04:02:34 UTC)" (scheduled at 2026-10-06 03:57:34.173878+00:00)
2026-10-06 05:57:34,183 | INFO     | apscheduler.executors.default | Job "job_node_health (trigger: interval[0:05:00], next run at: 2026-10-06 04:02:34 UTC)" executed successfully
2026-10-06 05:57:34,186 | INFO     | apscheduler.executors.default | Job "job_expire_orders (trigger: interval[0:05:00], next run at: 2026-10-06 04:02:34 UTC)" executed successfully
2026-10-06 05:58:34,176 | INFO     | apscheduler.executors.default | Running job "job_check_crypto (trigger: interval[0:02:00], next run at: 2026-10-06 04:00:34 UTC)" (scheduled at 2026-10-06 03:58:34.173828+00:00)
2026-10-06 05:58:34,177 | INFO     | apscheduler.executors.default | Job "job_check_crypto (trigger: interval[0:02:00], next run at: 2026-10-06 04:00:34 UTC)" executed successfully
2026-10-06 06:00:34,177 | INFO     | apscheduler.executors.default | Running job "job_check_crypto (trigger: interval[0:02:00], next run at: 2026-10-06 04:02:34 UTC)" (scheduled at 2026-10-06 04:00:34.173828+00:00)
2026-10-06 06:00:34,178 | INFO     | apscheduler.executors.default | Job "job_check_crypto (trigger: interval[0:02:00], next run at: 2026-10-06 04:02:34 UTC)" executed successfully
2026-10-06 06:02:34,176 | INFO     | apscheduler.executors.default | Running job "job_expire_subscriptions (trigger: interval[0:10:00], next run at: 2026-10-06 04:12:34 UTC)" (scheduled at 2026-10-06 04:02:34.173696+00:00)
2026-10-06 06:02:34,182 | INFO     | apscheduler.executors.default | Running job "job_reminders (trigger: interval[1:00:00], next run at: 2026-10-06 05:02:34 UTC)" (scheduled at 2026-10-06 04:02:34.173759+00:00)
2026-10-06 06:02:34,184 | INFO     | apscheduler.executors.default | Running job "job_expire_orders (trigger: interval[0:05:00], next run at: 2026-10-06 04:07:34 UTC)" (scheduled at 2026-10-06 04:02:34.173797+00:00)
2026-10-06 06:02:34,185 | INFO     | apscheduler.executors.default | Running job "job_check_crypto (trigger: interval[0:02:00], next run at: 2026-10-06 04:04:34 UTC)" (scheduled at 2026-10-06 04:02:34.173828+00:00)
2026-10-06 06:02:34,185 | INFO     | apscheduler.executors.default | Job "job_check_crypto (trigger: interval[0:02:00], next run at: 2026-10-06 04:04:34 UTC)" executed successfully
2026-10-06 06:02:34,185 | INFO     | apscheduler.executors.default | Running job "job_autopay (trigger: interval[0:05:00], next run at: 2026-10-06 04:07:34 UTC)" (scheduled at 2026-10-06 04:02:34.173855+00:00)
2026-10-06 06:02:34,185 | INFO     | apscheduler.executors.default | Job "job_autopay (trigger: interval[0:05:00], next run at: 2026-10-06 04:07:34 UTC)" executed successfully
2026-10-06 06:02:34,185 | INFO     | apscheduler.executors.default | Running job "job_node_health (trigger: interval[0:05:00], next run at: 2026-10-06 04:07:34 UTC)" (scheduled at 2026-10-06 04:02:34.173878+00:00)
2026-10-06 06:02:34,185 | INFO     | apscheduler.executors.default | Job "job_node_health (trigger: interval[0:05:00], next run at: 2026-10-06 04:07:34 UTC)" executed successfully
2026-10-06 06:02:34,190 | INFO     | apscheduler.executors.default | Job "job_expire_orders (trigger: interval[0:05:00], next run at: 2026-10-06 04:07:34 UTC)" executed successfully
2026-10-06 06:02:34,191 | INFO     | apscheduler.executors.default | Job "job_expire_subscriptions (trigger: interval[0:10:00], next run at: 2026-10-06 04:12:34 UTC)" executed successfully
2026-10-06 06:02:34,191 | INFO     | apscheduler.executors.default | Job "job_reminders (trigger: interval[1:00:00], next run at: 2026-10-06 05:02:34 UTC)" executed successfully
2026-10-06 06:04:34,176 | INFO     | apscheduler.executors.default | Running job "job_check_crypto (trigger: interval[0:02:00], next run at: 2026-10-06 04:06:34 UTC)" (scheduled at 2026-10-06 04:04:34.173828+00:00)
2026-10-06 06:04:34,177 | INFO     | apscheduler.executors.default | Job "job_check_crypto (trigger: interval[0:02:00], next run at: 2026-10-06 04:06:34 UTC)" executed successfully
2026-10-06 06:06:34,176 | INFO     | apscheduler.executors.default | Running job "job_check_crypto (trigger: interval[0:02:00], next run at: 2026-10-06 04:08:34 UTC)" (scheduled at 2026-10-06 04:06:34.173828+00:00)
2026-10-06 06:06:34,177 | INFO     | apscheduler.executors.default | Job "job_check_crypto (trigger: interval[0:02:00], next run at: 2026-10-06 04:08:34 UTC)" executed successfully
2026-10-06 06:07:34,175 | INFO     | apscheduler.executors.default | Running job "job_expire_orders (trigger: interval[0:05:00], next run at: 2026-10-06 04:12:34 UTC)" (scheduled at 2026-10-06 04:07:34.173797+00:00)
2026-10-06 06:07:34,182 | INFO     | apscheduler.executors.default | Running job "job_autopay (trigger: interval[0:05:00], next run at: 2026-10-06 04:12:34 UTC)" (scheduled at 2026-10-06 04:07:34.173855+00:00)
2026-10-06 06:07:34,183 | INFO     | apscheduler.executors.default | Job "job_autopay (trigger: interval[0:05:00], next run at: 2026-10-06 04:12:34 UTC)" executed successfully
2026-10-06 06:07:34,183 | INFO     | apscheduler.executors.default | Running job "job_node_health (trigger: interval[0:05:00], next run at: 2026-10-06 04:12:34 UTC)" (scheduled at 2026-10-06 04:07:34.173878+00:00)
2026-10-06 06:07:34,183 | INFO     | apscheduler.executors.default | Job "job_node_health (trigger: interval[0:05:00], next run at: 2026-10-06 04:12:34 UTC)" executed successfully
2026-10-06 06:07:34,185 | INFO     | apscheduler.executors.default | Job "job_expire_orders (trigger: interval[0:05:00], next run at: 2026-10-06 04:12:34 UTC)" executed successfully
2026-10-06 06:08:34,176 | INFO     | apscheduler.executors.default | Running job "job_check_crypto (trigger: interval[0:02:00], next run at: 2026-10-06 04:10:34 UTC)" (scheduled at 2026-10-06 04:08:34.173828+00:00)
2026-10-06 06:08:34,177 | INFO     | apscheduler.executors.default | Job "job_check_crypto (trigger: interval[0:02:00], next run at: 2026-10-06 04:10:34 UTC)" executed successfully
2026-10-06 06:10:34,174 | INFO     | apscheduler.executors.default | Running job "job_check_crypto (trigger: interval[0:02:00], next run at: 2026-10-06 04:12:34 UTC)" (scheduled at 2026-10-06 04:10:34.173828+00:00)
2026-10-06 06:10:34,175 | INFO     | apscheduler.executors.default | Job "job_check_crypto (trigger: interval[0:02:00], next run at: 2026-10-06 04:12:34 UTC)" executed successfully
2026-10-06 06:40:12,839 | WARNING  | apscheduler.executors.default | Run time of job "job_expire_subscriptions (trigger: interval[0:10:00], next run at: 2026-10-06 04:42:34 UTC)" was missed by 0:07:38.665612
2026-10-06 06:40:12,840 | WARNING  | apscheduler.executors.default | Run time of job "job_expire_orders (trigger: interval[0:05:00], next run at: 2026-10-06 04:42:34 UTC)" was missed by 0:02:38.666354
2026-10-06 06:40:12,840 | WARNING  | apscheduler.executors.default | Run time of job "job_check_crypto (trigger: interval[0:02:00], next run at: 2026-10-06 04:40:34 UTC)" was missed by 0:01:38.666439
2026-10-06 06:40:12,840 | WARNING  | apscheduler.executors.default | Run time of job "job_autopay (trigger: interval[0:05:00], next run at: 2026-10-06 04:42:34 UTC)" was missed by 0:02:38.666455
2026-10-06 06:40:12,840 | WARNING  | apscheduler.executors.default | Run time of job "job_node_health (trigger: interval[0:05:00], next run at: 2026-10-06 04:42:34 UTC)" was missed by 0:02:38.666468
2026-10-06 06:40:26,562 | ERROR    | aiogram.dispatcher | Failed to fetch updates - TelegramNetworkError: HTTP Client says - Request timeout error
2026-10-06 06:40:26,563 | WARNING  | aiogram.dispatcher | Sleep for 1.000000 seconds and try again... (tryings = 0, bot id = 8958117679)
2026-10-06 06:55:43,652 | ERROR    | aiogram.dispatcher | Failed to fetch updates - TelegramNetworkError: HTTP Client says - ClientConnectorError: Cannot connect to host api.telegram.org:443 ssl:default [None]
2026-10-06 06:55:43,653 | WARNING  | aiogram.dispatcher | Sleep for 1.225361 seconds and try again... (tryings = 1, bot id = 8958117679)
2026-10-06 06:55:46,892 | ERROR    | aiogram.dispatcher | Failed to fetch updates - TelegramNetworkError: HTTP Client says - ClientConnectorError: Cannot connect to host api.telegram.org:443 ssl:default [None]
2026-10-06 06:55:46,892 | WARNING  | aiogram.dispatcher | Sleep for 1.621261 seconds and try again... (tryings = 2, bot id = 8958117679)
2026-10-06 07:07:07,126 | WARNING  | apscheduler.executors.default | Run time of job "job_check_crypto (trigger: interval[0:02:00], next run at: 2026-10-06 05:08:34 UTC)" was missed by 0:00:32.952659
2026-10-06 07:07:07,126 | WARNING  | apscheduler.executors.default | Run time of job "job_expire_subscriptions (trigger: interval[0:10:00], next run at: 2026-10-06 05:12:34 UTC)" was missed by 0:04:32.953273
2026-10-06 07:07:07,127 | WARNING  | apscheduler.executors.default | Run time of job "job_expire_orders (trigger: interval[0:05:00], next run at: 2026-10-06 05:07:34 UTC)" was missed by 0:04:32.953341
2026-10-06 07:07:07,127 | WARNING  | apscheduler.executors.default | Run time of job "job_autopay (trigger: interval[0:05:00], next run at: 2026-10-06 05:07:34 UTC)" was missed by 0:04:32.953351
2026-10-06 07:07:07,127 | WARNING  | apscheduler.executors.default | Run time of job "job_node_health (trigger: interval[0:05:00], next run at: 2026-10-06 05:07:34 UTC)" was missed by 0:04:32.953375
2026-10-06 07:07:07,127 | WARNING  | apscheduler.executors.default | Run time of job "job_reminders (trigger: interval[1:00:00], next run at: 2026-10-06 06:02:34 UTC)" was missed by 0:04:32.953534
2026-10-06 07:07:09,412 | ERROR    | aiogram.dispatcher | Failed to fetch updates - TelegramNetworkError: HTTP Client says - ClientConnectorError: Cannot connect to host api.telegram.org:443 ssl:default [None]
2026-10-06 07:07:09,412 | WARNING  | aiogram.dispatcher | Sleep for 1.893007 seconds and try again... (tryings = 3, bot id = 8958117679)
2026-10-06 07:07:22,106 | INFO     | aiogram.dispatcher | Connection established (tryings = 4, bot id = 8958117679)
2026-10-06 07:07:34,177 | INFO     | apscheduler.executors.default | Running job "job_expire_orders (trigger: interval[0:05:00], next run at: 2026-10-06 05:12:34 UTC)" (scheduled at 2026-10-06 05:07:34.173797+00:00)
2026-10-06 07:07:34,185 | INFO     | apscheduler.executors.default | Running job "job_autopay (trigger: interval[0:05:00], next run at: 2026-10-06 05:12:34 UTC)" (scheduled at 2026-10-06 05:07:34.173855+00:00)
2026-10-06 07:07:34,186 | INFO     | apscheduler.executors.default | Job "job_autopay (trigger: interval[0:05:00], next run at: 2026-10-06 05:12:34 UTC)" executed successfully
2026-10-06 07:07:34,186 | INFO     | apscheduler.executors.default | Running job "job_node_health (trigger: interval[0:05:00], next run at: 2026-10-06 05:12:34 UTC)" (scheduled at 2026-10-06 05:07:34.173878+00:00)
2026-10-06 07:07:34,186 | INFO     | apscheduler.executors.default | Job "job_node_health (trigger: interval[0:05:00], next run at: 2026-10-06 05:12:34 UTC)" executed successfully
2026-10-06 07:07:34,191 | INFO     | apscheduler.executors.default | Job "job_expire_orders (trigger: interval[0:05:00], next run at: 2026-10-06 05:12:34 UTC)" executed successfully
2026-10-06 07:13:02,462 | WARNING  | apscheduler.executors.default | Run time of job "job_check_crypto (trigger: interval[0:02:00], next run at: 2026-10-06 05:14:34 UTC)" was missed by 0:00:28.288090
2026-10-06 07:13:02,463 | WARNING  | apscheduler.executors.default | Run time of job "job_expire_subscriptions (trigger: interval[0:10:00], next run at: 2026-10-06 05:22:34 UTC)" was missed by 0:00:28.289558
2026-10-06 07:13:02,463 | WARNING  | apscheduler.executors.default | Run time of job "job_expire_orders (trigger: interval[0:05:00], next run at: 2026-10-06 05:17:34 UTC)" was missed by 0:00:28.289598
2026-10-06 07:13:02,463 | WARNING  | apscheduler.executors.default | Run time of job "job_autopay (trigger: interval[0:05:00], next run at: 2026-10-06 05:17:34 UTC)" was missed by 0:00:28.289590
2026-10-06 07:13:02,463 | WARNING  | apscheduler.executors.default | Run time of job "job_node_health (trigger: interval[0:05:00], next run at: 2026-10-06 05:17:34 UTC)" was missed by 0:00:28.289625
2026-10-06 07:13:31,796 | ERROR    | aiogram.dispatcher | Failed to fetch updates - TelegramNetworkError: HTTP Client says - Request timeout error
2026-10-06 07:13:31,801 | WARNING  | aiogram.dispatcher | Sleep for 1.000000 seconds and try again... (tryings = 0, bot id = 8958117679)
2026-10-06 07:13:43,286 | INFO     | aiogram.dispatcher | Connection established (tryings = 1, bot id = 8958117679)
2026-10-06 07:14:34,175 | INFO     | apscheduler.executors.default | Running job "job_check_crypto (trigger: interval[0:02:00], next run at: 2026-10-06 05:16:34 UTC)" (scheduled at 2026-10-06 05:14:34.173828+00:00)
2026-10-06 07:14:34,176 | INFO     | apscheduler.executors.default | Job "job_check_crypto (trigger: interval[0:02:00], next run at: 2026-10-06 05:16:34 UTC)" executed successfully
